id,name,cost,discount,discount_comment,internal_notice,contact_notice,start_date,finish_date,contact_id,tags,tags2,date_entered,date_modified,fetch_error
10220cab-ea5f-ae6a-5c90-6996c9306e38,ЛВШ ФОТОН 2,83300,3700,,,,2026-02-19,2027-02-14,c2f01b8a-aeaa-f339-a130-682b020962f9,,,2026-02-19 11:28:57,2026-02-19 11:28:57,
10a10679-0e08-de0f-508c-69a80267ee63,ЛВШ ФОТОН 1,79135,7865,,,,2026-03-04,2027-02-27,3dfd9418-2bb9-a705-7bd4-66057b2613b3,,,2026-03-04 13:01:16,2026-03-04 13:01:16,
1170a0b2-4cfb-4d3a-8b8b-6a1d38d87350,ЛВШ-26 АНО,114000,-27000,,,,2026-06-01,2027-05-27,31e6095b-fe95-bb58-1efa-6a1421c0a5a7,,,2026-06-01 10:44:28,2026-06-01 10:44:28,
11efd63c-f3ac-5dbc-1406-6a0da6f4ec0f,ЛВШ-26 ФОТОН 1,93100,-6100,,,,2026-05-20,2027-05-15,de9afea5-167c-d629-0ae3-69f08dd17ae0,,,2026-05-20 15:16:49,2026-05-20 15:16:49,
12615753-16e8-39c1-cf74-69e22f515ed6,ЛВШ-26 ФОТОН 1,93100,-6100,,,,2026-04-17,2027-04-12,5f63590f-4b5d-2fdb-f3fc-69d791542fc7,,,2026-04-17 16:02:28,2026-04-17 16:02:28,
1283358f-6515-db3b-5d61-69b1717bb32f,ЛВШ АНО,89900,-2900,,,,2026-03-11,2027-03-06,3c3114c4-a5a6-97cc-60b2-65f3f6db5d91,,,2026-03-11 16:41:40,2026-03-11 16:41:40,
1408cea4-1806-2e3a-9e97-696753087488,ЛВШ фотон,75000,12000,,,,2026-01-14,2027-01-09,547ba96e-a38a-f8de-bbc2-66e6dd67bb9f,,,2026-01-14 11:29:05,2026-01-14 11:29:05,
142a6c3f-3ac4-ce3d-d08a-69a7fb100469,ЛВШ ФОТОН 1,79135,7865,,,,2026-03-04,2027-02-27,5069a877-c6fc-f9ae-6e52-67fa4f4cf30b,,,2026-03-04 12:30:01,2026-03-04 12:30:01,
143e9dca-6d8c-8c7b-5b0a-69b13f0a69bb,ЛВШ-26 АНО,114000,-27000,,,,2026-03-11,2027-03-06,2b6c1153-af60-aeed-0b65-69aeda945d93,,,2026-03-11 13:10:10,2026-03-11 13:10:10,
145bb537-65a1-304c-abd2-69ff2de79245,ЛВШ-26 ФОТОН 1,93100,-6100,,,,2026-05-09,2027-05-04,3b8b211e-7ac5-85d3-6a1b-69ee0a8e7d58,,,2026-05-09 15:50:27,2026-05-09 15:50:27,
14a4c895-d409-f2c2-7b12-69d37e918f05,ЛВШ-26 ФОТОН 2,88200,-1200,,,,2026-04-06,2027-04-01,a1d2ef6d-ca8d-4503-bf5b-69b404c59d97,,,2026-04-06 12:37:06,2026-04-06 12:37:06,
14a91f6b-ebe1-ae3a-5b04-69675f421e2d,ЛВШ АНО,83800,3200,,,,2026-01-14,2027-01-09,5a40807f-3ea5-6f7b-c0f1-66d56b40b7cf,,,2026-01-14 12:17:03,2026-01-14 12:17:03,
14b20464-7d35-3ee2-5c5f-69d37d12ca6a,ЛВШ-26 ФОТОН 2,74380,12620,,,,2026-04-06,2027-04-01,a96d5324-308c-c0b0-10e9-628f60639aef,,,2026-04-06 12:30:22,2026-04-06 12:30:22,
14ea9e5a-34b1-2a2d-0088-69675ebcf947,ЛВШ АНО,89900,-2900,,,,2026-01-14,2027-01-09,55a05719-72ec-8f54-a2f8-66cee9ecd27d,,,2026-01-14 12:16:18,2026-01-14 12:16:18,
14f38ce2-a8a9-abba-9ce1-69e8d1b03969,ЛВШ-26 АНО,114000,-27000,,,,2026-04-22,2027-04-17,76aa1c08-640b-eb69-98fb-69d793e14135,,,2026-04-22 16:48:16,2026-04-22 16:48:16,
155f22a5-d978-3ff7-8242-69e0c357c3bb,ЛВШ-26 АНО,114000,-27000,,,,2026-04-16,2027-04-11,2e31d27d-d075-14fe-ed67-69dca94673ba,,,2026-04-16 14:09:41,2026-04-16 14:09:41,
158c1099-eaa6-f7dd-4ea3-69e2365d40c9,ЛВШ-26 ФОТОН 1,93100,-6100,,,,2026-04-17,2027-04-12,9086ec7f-ab23-c5f4-0ad5-69dc9aae560f,,,2026-04-17 16:31:21,2026-04-17 16:31:21,
168ec5cf-1ff5-0f89-8da6-6a214c3d2598,ЛВШ-26 АНО,102600,-15600,,,,2026-06-04,2027-05-30,20253db1-606b-65e5-dd8e-6a0dd75f1a5b,,,2026-06-04 12:59:29,2026-06-04 12:59:29,
17341ff4-e99a-a11b-f041-6a1d3e66eec9,ЛВШ-26 АНО,114000,-27000,,,,2026-06-01,2027-05-27,1fd900b4-7d3c-f7e8-de89-6a0c4fd017e7,,,2026-06-01 11:09:09,2026-06-01 11:09:09,
1895c2fd-e5e5-f719-9dd8-698391581ecb,ЛВШ АНО,91105,-4105,,,,2026-02-04,2027-01-30,7d34e93e-e413-13c7-dcd6-68a470f29584,,,2026-02-04 21:36:18,2026-02-04 21:36:18,
18d50bec-7a96-2cda-39d7-69d76198df9e,ЛВШ-26 АНО,114000,-27000,,,,2026-04-09,2027-04-04,19817834-6c2c-959d-5ae3-69b7a0bfffcd,,,2026-04-09 11:21:40,2026-04-09 11:21:40,
18dddcf0-828a-3527-4814-6a0d83a4adb3,ЛВШ-26 АНО,102600,-15600,,,,2026-05-20,2027-05-15,294c8e66-55f3-2a60-8bce-69ea13176c81,,,2026-05-20 12:46:49,2026-05-20 12:46:49,
1934739e-bf4a-28e4-fd2c-69a81b9df0ae,ЛВШ-26 АНО,99600,-12600,,,,2026-03-04,2027-02-27,c48e8977-0474-9a13-3856-69a5964e551a,,,2026-03-04 14:45:38,2026-03-04 14:45:38,
195a9d80-e01c-6c69-6005-69e1285a8bd3,ЛВШ-26 АНО,99600,-12600,,,,2026-04-16,2027-04-11,421ddb0d-57fb-59e4-da21-69abe253c4cd,,,2026-04-16 21:20:02,2026-04-16 21:20:02,
199b9778-f746-253d-0073-69d3a5e1b692,ЛВШ-26 ФОТОН 2,88200,-1200,,,,2026-04-06,2027-04-01,3eb0ef22-4260-c1e2-6eda-69ca2c0bd7e6,,,2026-04-06 15:20:21,2026-04-06 15:20:21,
1a3a210d-3d7d-2bba-eb83-6a2130c1e6db,ЛВШ-26 АНО,114000,-27000,,,,2026-06-04,2027-05-30,5b45f0c7-66dc-628f-4160-6a103fdc8189,,,2026-06-04 11:01:43,2026-06-04 11:01:43,
1adaf977-c9a5-71f6-107c-6a01c4f9dd61,ЛВШ-26 АНО,79620,7380,,,,2026-05-11,2027-05-06,33d5f5ea-b391-0795-d9e3-644b7f7c98b6,,,2026-05-11 15:00:08,2026-05-11 15:00:08,
1b0d8ad0-41f9-6df8-d1c6-698da59a0919,ЛВШ ФОТОН 1,83300,3700,,,,2026-02-12,2027-02-07,7aae35ab-1abe-b46c-a2c3-66e3067f7ebc,,,2026-02-12 13:05:44,2026-02-12 13:05:44,
1b889c72-5470-4942-9c9c-697a697c9aa9,ЛВШ АНО,95900,-8900,,,,2026-01-28,2027-01-23,b1195e04-abf6-0657-c373-6971f1d0254e,,,2026-01-28 22:54:50,2026-01-28 22:54:50,
1bfb5934-7e11-c7c7-6d68-6a16ca43ba75,ЛВШ-26 АНО,114000,-27000,,,,2026-05-27,2027-05-22,22e03983-5d82-9b49-d75b-6a058fce8705,,,2026-05-27 13:40:10,2026-05-27 13:40:10,
1c3cc72a-5103-b95b-aa50-69d3aba4fc09,ЛВШ-26 АНО,102600,-15600,,,,2026-04-06,2027-04-01,26336cfd-4660-f8f7-78e8-682319d3515e,,,2026-04-06 15:46:43,2026-04-06 15:46:43,
1cddfde2-16ed-14dd-f706-6a1813b9d168,ЛВШ-26 АНО,114000,-27000,,,,2026-05-28,2027-05-23,5cea7cd6-5b1c-913b-2ec8-69d10dd1dee3,,,2026-05-28 13:05:48,2026-05-28 13:05:48,
1d2d1448-8477-7359-b394-698490e8614e,ЛВШ ФОТОН 2,78400,8600,,,,2026-02-05,2027-01-31,438aa38c-dc51-818c-0838-696f4c35f197,,,2026-02-05 15:44:27,2026-02-05 15:44:27,
1dcc6ab6-608f-6a1a-3458-69a7f62191fe,ЛВШ-26 АНО,91800,-4800,,,,2026-03-04,2027-02-27,10863e25-6d8f-5ba7-997f-6703c73a43f2,,,2026-03-04 12:07:33,2026-03-04 12:07:33,
1e41ffeb-9fd0-0e68-92e0-69ff2b62f14d,ЛВШ-26 ФОТОН 1,93100,-6100,,,,2026-05-09,2027-05-04,bcc51ca6-92c5-1886-76e1-69f33ff81414,,,2026-05-09 15:41:40,2026-05-09 15:41:40,
1e7f0d33-71e2-f03b-26d6-6a0c6016ce41,ЛВШ ФОТОН,88200,-1200,,,,2026-05-19,2027-05-14,57dba52d-9124-c136-0fe1-69cccf4afec3,,,2026-05-19 16:06:36,2026-05-19 16:06:36,
1ff4491f-db7f-f4fd-ae66-696753dc230c,ЛВШ фотон,75000,12000,,,,2026-01-14,2027-01-09,16e7f0fd-8225-70a3-f7d7-68fcac276d6a,,,2026-01-14 11:28:17,2026-01-14 11:28:17,
21161763-44c4-aca7-d962-69d397b980ec,ЛВШ-26 ФОТОН 1,79380,7620,,,,2026-04-06,2027-04-01,43b59b56-d95e-fe12-5c5a-69c6746a3fa1,,,2026-04-06 14:23:50,2026-04-06 14:23:50,
230fa3a8-d60f-41f3-f827-69c2657585d0,ЛВШ-26 АНО,114000,-27000,,,,2026-03-24,2027-03-19,b7911bbc-0895-34b2-200e-698c26e5b8dc,,,2026-03-24 13:20:14,2026-03-24 13:20:14,
231bc4f9-2ae6-0a4d-0e87-6a0c4847a985,ЛВШ-26 АНО,114000,-27000,,,,2026-05-19,2027-05-14,99ab0417-5bc9-7a97-23b9-69e9e180b832,,,2026-05-19 14:23:32,2026-05-19 14:23:32,
2320bbc8-dac1-56ac-cc3b-69d3a6530c34,ЛВШ-26 ФОТОН 2,88200,-1200,,,,2026-04-06,2027-04-01,52b95c41-a391-83d1-2c96-69cb66ecf067,,,2026-04-06 15:24:59,2026-04-06 15:24:59,
246eb11f-b175-8c00-7297-69a15bef11e3,ЛВШ-26 АНО,99600,-12600,,,,2026-02-27,2027-02-22,eaf3552c-41aa-33bc-8464-6877b32f12a7,,,2026-02-27 11:55:00,2026-02-27 11:55:00,
24925d0d-7da8-7ed3-1923-698392cfa675,ЛВШ АНО,86310,690,,,,2026-02-04,2027-01-30,7e332996-dbb1-36fc-47d8-67c182e98a03,,,2026-02-04 21:39:30,2026-02-04 21:39:30,
24c1f2fa-81cc-5cae-ced9-699ff1ef1702,ЛВШ ФОТОН 1,83300,3700,,,,2026-02-26,2027-02-21,7ca57341-24b1-f4ce-8fd4-69a97c03d020,,,2026-02-26 10:09:10,2026-03-05 17:03:29,
24ed5f0b-f956-3e92-3354-6a215df7664e,ЛВШ-26 ФОТОН 2,83300,3700,,,,2026-06-04,2027-05-30,4475d11e-ba51-a99b-8b6d-6863a2a5e239,,,2026-06-04 14:09:59,2026-06-04 14:09:59,
25010da8-cca8-55a4-2956-69b139dba132,ЛВШ-26 АНО,99600,-12600,,,,2026-03-11,2027-03-06,7e9f8e3f-018b-14b8-3cd3-69ad44df3aa2,,,2026-03-11 12:43:00,2026-03-11 12:43:00,
26296c3c-532e-2a5e-ae82-699edc01637c,ЛВШ-26 АНО,99600,-12600,,,,2026-02-25,2027-02-20,4a354b1c-35b5-544a-244f-699d5ebc9112,,,2026-02-25 14:26:12,2026-02-25 14:26:12,
262ef3e1-ff35-4569-2503-69b13e4df555,ЛВШ-26 АНО,99600,-12600,,,,2026-03-10,2027-03-05,83a06d27-2fac-6107-de3b-69a54e0b8b07,,,2026-03-11 13:07:04,2026-03-11 13:07:04,
26530d71-a1e8-3ca7-f9d7-69675df9d22d,ЛВШ АНО,89900,-2900,,,,2026-01-14,2027-01-09,431f9ce7-c16c-569f-d4a9-66f2d01d4368,,,2026-01-14 12:08:45,2026-01-14 12:08:45,
274865fc-d65b-3707-ee7a-69eb5aae47f5,ЛВШ-26 ФОТОН 1,93100,-6100,,,,2026-04-24,2027-04-19,6613195c-e6d5-f0bd-3019-69de4d288d09,,,2026-04-24 14:58:42,2026-04-24 14:58:42,
27e7349f-3e81-7195-edd2-6a0de92aaa0d,ЛВШ-26 АНО,89900,-2900,,,,2026-05-20,2027-05-15,ee9d6882-6ec6-cec2-2924-66b0b3979b73,,,2026-05-20 20:04:15,2026-05-20 20:04:15,
287560c7-0359-8093-5e95-69eb57b7f95c,ЛВШ-26 ФОТОН 2,88200,-1200,,,,2026-04-24,2027-04-19,ed99cd87-2cd1-4340-a11c-69cfd5bcf68d,,,2026-04-24 14:45:45,2026-04-24 14:45:45,
28ab6a30-35b2-9951-9c0a-69675e8dd096,ЛВШ АНО,85405,1595,,,,2026-01-14,2027-01-09,483990f5-ac2a-adc1-cdd4-662cf5b30f4a,,,2026-01-14 12:13:51,2026-01-14 12:13:51,
2a2b6684-341d-91f9-fa98-69f316ff28a4,ЛВШ-26 АНО,114000,-27000,,,,2026-04-30,2027-04-25,686a64d6-1ad7-e5ff-6868-69eefee714eb,,,2026-04-30 11:44:23,2026-04-30 11:44:23,
2a41455c-c3a0-3a70-c88c-69d76add72ed,ЛВШ-26 АНО,114000,-27000,,,,2026-04-09,2027-04-04,3fc601ac-311a-9cb5-bbbe-69d0c50a8784,,,2026-04-09 11:58:46,2026-04-09 11:58:46,
2a420157-c1c9-1943-2753-69a7f2d25bd4,ЛВШ-26 АНО,96900,-9900,,,,2026-03-04,2027-02-27,b6606178-b719-cd76-d72f-646a04319ade,,,2026-03-04 11:51:23,2026-03-04 11:51:23,
2a66303f-7a5d-5b42-e7af-6a0d783408a1,ЛВШ-26 АНО,114000,-27000,,,,2026-05-20,2027-05-15,41c0188a-3eac-dca1-7caa-69f885c3ab6c,,,2026-05-20 12:03:21,2026-05-20 12:03:21,
2a80c5e5-1d75-86ec-37c7-69e1d7b391ae,ЛВШ-26 АНО,94600,-7600,,,,2026-04-17,2027-04-12,977f3259-2229-ebaf-d47a-69997fc72155,,,2026-04-17 09:46:17,2026-04-17 09:46:17,
2a860488-ebe0-1eb1-cf7f-697cb147d101,ЛВШ АНО,86310,690,,,,2026-01-30,2027-01-25,3fb57921-85e9-68c3-fe78-6805f4e9d902,,,2026-01-30 16:28:07,2026-01-30 16:28:07,
2a8f059d-3d86-6e74-6fe5-69de29b5bbfd,ЛВШ Фотон 2,88200,-1200,,,,2026-04-14,2027-04-09,653528d7-3a44-c052-8555-69bd4cc1728f,,,2026-04-14 14:49:24,2026-04-14 14:49:24,
2a918517-38c7-dfee-f1ca-6a01c9d38073,ЛВШ-26 АНО,114000,-27000,,,,2026-05-11,2027-05-06,33070a4f-4985-61e0-1284-69f35a33bf8a,,,2026-05-11 15:21:52,2026-05-11 15:21:52,
2aaccb23-f45d-cdd7-d3f1-6981e5493dfa,ЛВШ АНО,95900,-8900,,,,2026-02-03,2027-01-29,709bb50b-927d-23d8-d433-692c3034e046,,,2026-02-03 15:08:09,2026-02-03 15:08:09,
2b7331e4-5050-6267-03ec-6a21504720f5,ЛВШ-26 АНО,114000,-27000,,,,2026-06-04,2027-05-30,836b8a1b-dd30-1f66-a298-6862868b87ca,,,2026-06-04 13:18:24,2026-06-04 13:18:24,
2b9208fc-05dd-5044-a055-69708b8e5256,ЛВШ АНО,91105,-4105,,,,2026-01-21,2027-01-16,7c3abacf-1c5d-8358-849c-66d46b45a089,,,2026-01-21 11:17:40,2026-01-21 11:17:40,
2bc3851c-b81e-0ec6-a80e-696751144c85,ЛВШ фотон,75000,12000,,,,2026-01-14,2027-01-09,bee75b11-3558-1d64-1f10-6561b8652fca,,,2026-01-14 11:20:44,2026-01-14 11:20:44,
2c5a9973-e6ca-3936-e550-6967525d46be,ЛВШ фотон,75000,12000,,,,2026-01-14,2027-01-09,a75a0ade-e853-9810-11e7-67b48c88c40d,,,2026-01-14 11:21:32,2026-01-14 11:21:32,
2c6b968d-3d6d-cb0d-2a30-69f0744a55fe,ЛВШ-26 АНО,99600,-12600,,,,2026-04-28,2027-04-23,6a7e6a43-9f78-679f-e199-67bed8c34e2c,,,2026-04-28 11:48:02,2026-04-28 11:48:02,
2c773430-d721-c9b6-b402-6a1d413ec123,ЛВШ-26 АНО,114000,-27000,,,,2026-06-01,2027-05-27,89976f61-81a8-94f6-dbe5-6a0d67cca443,,,2026-06-01 11:24:36,2026-06-01 11:24:36,
2cc00d02-c4fe-941f-0fcf-69c633107226,ЛВШ-26 ФОТОН 1,75000,12000,,,,2026-03-27,2027-03-22,dec0e021-3bfe-db3c-daad-67c05b90286b,,,2026-03-27 10:38:33,2026-03-27 10:38:33,
2d1cb240-01a6-b8f0-e17d-69e11f8209b1,ЛВШ-26 ФОТОН 2,82700,4300,,,,2026-04-16,2027-04-11,bab59117-76f3-9ef6-a84b-69d4fc588878,,,2026-04-16 20:40:32,2026-04-16 20:40:32,
2d1e5376-27ac-c89c-bd85-6a0d8fb77296,ЛВШ-26 ФОТОН 1,93100,-6100,,,,2026-05-20,2027-05-15,39f587f9-a2a0-86a1-f2d8-69c639475f66,,,2026-05-20 13:39:38,2026-05-20 13:39:38,
2d586ddd-37db-5b14-1cbd-6a0c53f7ea89,ЛВШ-26 АНО,102600,-15600,,,,2026-05-19,2027-05-14,21ee7df9-d74f-3123-af4b-6a0187abb891,,,2026-05-19 15:10:29,2026-05-19 15:10:29,
2de6fa22-acff-209e-b165-6a1d371df7f6,ЛВШ-26 АНО,114000,-27000,,,,2026-06-01,2027-05-27,e12a8d12-312e-c728-14f5-6a15bc27deab,,,2026-06-01 10:42:36,2026-06-01 10:42:36,
2e051045-3bb4-39b8-3f30-69d37c5f874a,ЛВШ-26 ФОТОН 1,79380,7620,,,,2026-04-06,2027-04-01,933521f5-754a-b5b1-0b5c-69ca36bb7e2d,,,2026-04-06 12:29:24,2026-04-06 12:29:24,
2e2e6bca-5c6e-f40c-c985-69a816c748ab,ЛВШ-26 АНО,99600,-12600,,,,2026-03-04,2027-02-27,eaa88026-be58-001c-8d03-699d40069abb,,,2026-03-04 14:25:06,2026-03-04 14:25:06,
2e3a0569-76cc-a16d-4e43-6a141993f073,ЛВШ-26 ФОТОН 1,93100,-6100,,,,2026-05-25,2027-05-20,b043bbbc-3679-95b3-d47a-69beaeb0e7aa,,,2026-05-25 12:40:30,2026-05-25 12:40:30,
2e4859d4-79a6-772f-a7bc-69d3a0fcf445,ЛВШ-26 ФОТОН 2,93100,-6100,,,,2026-04-06,2027-04-01,7013def6-ae84-dc15-0d63-69cf9bb4bbf7,,,2026-04-06 15:02:40,2026-04-06 15:02:40,
2f616e53-8238-923e-c688-6a0d9565ec4a,ЛВШ-26 ФОТОН 2,93100,-6100,,,,2026-05-20,2027-05-15,a086773a-5fad-473e-8c77-662113373002,,,2026-05-20 14:03:51,2026-05-20 14:03:51,
2fa54cc5-9fe5-be8c-0472-6992df6ad1f8,ЛВШ АНО,102000,-15000,,,,2026-02-16,2027-02-11,9ecd1f1c-6d2c-80e4-9e2d-68b15fbd70ab,,,2026-02-16 12:13:08,2026-02-16 12:13:08,
30640345-80b1-e051-ad82-69e121c6dec7,ЛВШ-26 ФОТОН 1,93100,-6100,,,,2026-04-16,2027-04-11,8cc6f93c-2ea4-788b-6fe3-69d4c18a2993,,,2026-04-16 20:49:26,2026-04-16 20:49:26,
30774904-67f7-e4c9-a9c6-6981ea94b3a7,ЛВШ АНО,95900,-8900,,,,2026-02-03,2027-01-29,da5a5c72-76ae-853a-7943-697caa6b3228,,,2026-02-03 15:31:38,2026-02-03 15:31:38,
30998d08-30fe-0b56-e176-69b69d0f7f7f,ЛВШ-26 ФОТОН 1,88200,-1200,,,,2026-03-15,2027-03-10,294c8e66-55f3-2a60-8bce-69ea13176c81,,,2026-03-15 14:51:05,2026-04-23 15:59:34,
310608a0-aaf2-4cd9-3c3f-69e877e97082,ЛВШ-26 ФОТОН 1,83300,3700,,,,2026-04-22,2027-04-17,5eb6f870-2db4-4e1f-7d2e-69c24162a082,,,2026-04-22 10:23:02,2026-04-22 10:23:02,
3144aea3-b44a-5f88-9351-6a2132e51cb1,ЛВШ-26 АНО,102600,-15600,,,,2026-06-04,2027-05-30,35a685d0-4780-929a-cc1d-6a02e0026d05,,,2026-06-04 11:09:29,2026-06-04 11:09:29,
318fe109-3b6d-2084-92bf-69e9cde8d0c0,ЛВШ-26 АНО,114000,-27000,,,,2026-04-23,2027-04-18,3d41d8af-e537-169e-5a2f-687e181dd00b,,,2026-04-23 10:44:56,2026-04-23 10:44:56,
329bf2c0-52c3-1456-e852-6998afb00acb,ЛВШ-26 АНО,99600,-12600,,,,2026-02-20,2027-02-15,1de8cc2c-ab81-9b29-6844-6996c5afc1ab,,,2026-02-20 21:59:27,2026-02-20 21:59:27,
32e1a2b1-43fb-c525-7706-6983675ed4ad,ЛВШ АНО,95900,-8900,,,,2026-02-04,2027-01-30,5b853f23-7740-da73-2206-697de05910c2,,,2026-02-04 18:36:36,2026-02-04 18:36:36,
348323f6-de36-2e77-221b-69c634b46619,ЛВШ-26 ФОТОН 2,88200,-1200,,,,2026-03-27,2027-03-22,2b832659-e7ad-222c-5e59-6a1feb1a3853,,,2026-03-27 10:40:25,2026-06-04 09:22:56,
351073d8-b253-613d-1e29-69675dfa3445,ЛВШ АНО,89900,-2900,,,,2026-01-14,2027-01-09,20b53f7d-f1f3-08bf-e15e-66f14f18e052,,,2026-01-14 12:11:29,2026-01-14 12:11:29,
3564782e-376a-7650-aa65-6a213708dee2,ЛВШ-26 АНО,114000,-27000,,,,2026-06-04,2027-05-30,e81836d0-29ab-9c4d-5015-6a0ef491e39b,,,2026-06-04 11:31:47,2026-06-04 11:31:47,
36a539b6-53ee-b90c-97a8-69f2fff7ae8f,ЛВШ-26 АНО,108300,-21300,,,,2026-04-30,2027-04-25,c764839c-72e5-ff91-eac4-69e2471f1c7f,,,2026-04-30 10:06:31,2026-04-30 10:06:31,
36c361d9-59b5-35b8-8323-69e8c3f1967b,ЛВШ-26 АНО,114000,-27000,,,,2026-04-22,2027-04-17,1437eef4-1552-3630-99b2-69be5cb12b24,,,2026-04-22 15:47:12,2026-04-22 15:47:12,
3732d1d8-0780-8573-b9ca-6a0c61331bcf,ЛВШ-26 АНО,102600,-15600,,,,2026-05-19,2027-05-14,4a378c90-a1a0-043b-be9f-6a01a72e3b80,,,2026-05-19 16:11:26,2026-05-19 16:11:26,
37fcd677-5c02-ec60-18a4-69be85df53a3,ЛВШ-26 ФОТОН 1,88200,-1200,,,,2026-03-21,2027-03-16,167f9fb5-016a-5be2-6a16-69835231ca9c,,,2026-03-21 14:50:09,2026-03-21 14:50:09,
3825eee7-d6ad-4eed-a258-69c632e68a75,ЛВШ-26 ФОТОН 2,88200,-1200,,,,2026-03-27,2027-03-22,4bcb1868-a2ce-9d0f-9c6b-690dfbe2e94c,,,2026-03-27 10:32:13,2026-03-27 10:32:13,
3841d3a2-2f2b-8e25-2bba-69708ccc9149,ЛВШ АНО,95900,-8900,,,,2026-01-21,2027-01-16,b0551541-32f8-a8e8-2f1d-65ddc0c1c9f9,,,2026-01-21 11:21:53,2026-01-21 11:21:53,
389ea59d-ab22-bd58-f09d-69ff27a7e780,ЛВШ-26 ФОТОН 1,88445,-1445,,,,2026-05-09,2027-05-04,6916dcc2-dc14-4f02-a523-68496191958a,,,2026-05-09 15:23:21,2026-05-09 15:23:21,
38e36d53-50af-f24d-ab21-69e12a3138f9,ЛВШ-26 ФОТОН 2,75000,12000,,,,2026-04-16,2027-04-11,c063694c-ae19-51d3-1f0b-67e68b24a3cc,,,2026-04-16 21:29:15,2026-04-16 21:29:15,
395d787f-b517-3a89-6f54-69d76a3e7cd8,ЛВШ-26 АНО,114000,-27000,,,,2026-04-09,2027-04-04,49275c84-072a-4a48-9f8d-69d235a6b486,,,2026-04-09 11:59:26,2026-04-09 11:59:26,
39b1523d-14cb-e1d6-5137-69c267443d63,ЛВШ-26 АНО,89900,-2900,,,,2026-03-24,2027-03-19,ab71b736-ca9e-1137-deb0-68ca8618b948,,,2026-03-24 13:27:34,2026-03-24 13:27:34,
3a19d15d-c71a-dff0-e631-69fb4445b841,ЛВШ,102600,-15600,,,,2026-05-06,2027-05-01,b9892e69-0de6-e594-fa6b-65d20311eeda,,,2026-05-06 16:40:53,2026-05-06 16:40:53,
3a31edf0-8acd-eada-ca6d-6a181eb187e3,ЛВШ-26 АНО,114000,-27000,,,,2026-05-28,2027-05-23,6ccd4c92-a8ac-e285-7c35-6a1185c0039e,,,2026-05-28 13:52:52,2026-05-28 13:52:52,
3a6d0829-2413-36f2-ce03-6a141c36f991,ЛВШ-26 АНО,114000,-27000,,,,2026-05-25,2027-05-20,a3f3d504-8230-5b5b-f22d-673217b667dc,,,2026-05-25 12:54:48,2026-05-25 12:54:48,
3a9dee77-095a-8aa5-e096-6979b01d1055,ЛВШ ФОТОН 1,78400,8600,,,,2026-01-28,2027-01-23,e44eccfd-abea-04f5-0b8d-69734b26c311,,,2026-01-28 09:47:16,2026-01-28 09:47:16,
3b3ff41c-b1c2-9c62-3bd8-696652db60ed,ЛВШ АНО,83800,3200,,,,2026-01-13,2027-01-08,aaf44c93-f70b-8a93-8c7d-66b31e596d8c,,,2026-01-13 17:12:22,2026-01-13 17:12:22,
3b5b0c7d-60d5-0110-5b6c-6967c484aa56,ЛВШ АНО,91105,-4105,,,,2026-01-14,2027-01-09,ce1bcede-98a9-d7cb-7f50-6912df349c6b,,,2026-01-14 19:28:24,2026-01-14 19:28:24,
3b85422f-3728-0d0a-c122-69dcd2365095,ЛВШ-26 ФОТОН 1,93100,-6100,,,,2026-04-13,2027-04-08,38defbf0-be41-4922-eba7-69d4c5d0cb51,,,2026-04-13 14:25:31,2026-04-13 14:25:31,
3ba3abde-e561-90d8-bdb3-698d9b5ef6b8,ЛВШ ФОТОН 2,78400,8600,,,,2026-02-12,2027-02-07,9ce07f99-312e-a142-b901-69a6c5ca5ef8,,,2026-02-12 12:22:27,2026-03-16 12:09:56,
3c7d53ae-5d59-564a-6ed7-69a7eaeac962,ЛВШ-26 АНО,89640,-2640,,,,2026-03-04,2027-02-27,377d0f11-35b9-451d-49b3-677d047a92f3,,,2026-03-04 11:18:01,2026-03-04 11:18:01,
3d18b78c-a6f1-e2ce-5345-6967596d1e71,ЛВШ АНО,71920,15080,,,,2026-01-14,2027-01-09,97c0c14a-0025-27b6-2a1b-687f73a92701,,,2026-01-14 11:52:01,2026-01-14 11:52:01,
3d1b4784-af14-3a87-72f9-6a0d8276b47c,ЛВШ-26 АНО,114000,-27000,,,,2026-05-20,2027-05-15,58aa5899-1090-d745-1f2a-69d0db617aa7,,,2026-05-20 12:46:00,2026-05-20 12:46:00,
3d8681e5-a36a-d69b-5428-696e1c0563a7,ЛВШ АНО,95900,-8900,,,,2026-01-19,2027-01-14,e6affc4f-734a-472b-3626-695cdce71f25,,,2026-01-19 14:59:02,2026-01-19 14:59:02,
3e620ed5-613b-dd50-d0ae-6a1d438d99e0,ЛВШ-26 АНО,114000,-27000,,,,2026-06-01,2027-05-27,45039ef2-f09f-9c8a-3684-6a0efa9f4923,,,2026-06-01 11:32:38,2026-06-01 11:32:38,
3f038878-2bc2-67cf-e7d5-6a142060f163,ЛВШ-26 АНО,108300,-21300,,,,2026-05-25,2027-05-20,ea7a0bab-93d8-1d33-910e-6a070e16db5c,,,2026-05-25 13:10:16,2026-05-25 13:10:16,
3f270a21-b72e-4dc0-889a-699aeb922292,ЛВШ ФОТОН 1,83300,3700,,,,2026-02-22,2027-02-17,4e070adb-ecf7-fa42-551e-6981d8f7bc6d,,,2026-02-22 14:42:11,2026-02-22 14:42:11,
3f35007d-71d9-6833-f687-69675ceb8fe3,ЛВШ АНО,95900,-8900,,,,2026-01-14,2027-01-09,c62f91fa-0309-888c-b491-68a1c723f5e1,,,2026-01-14 12:05:01,2026-01-14 12:05:01,
3f4f4a32-71c6-58e2-2e16-69e091508602,ЛВШ-26 АНО,114000,-27000,,,,2026-04-16,2027-04-11,a25a00ff-f30d-e365-392a-69cfae022d23,,,2026-04-16 10:35:26,2026-04-16 10:35:26,
3f8e4e65-17c7-09c5-59c9-698393b4b758,ЛВШ АНО,91105,-4105,,,,2026-02-04,2027-01-30,1e28aa1e-114d-3cea-c4d3-67a9c881cb78,,,2026-02-04 21:44:22,2026-02-04 21:44:22,
4010f275-a560-4d5c-d0e4-697dcc48c3ec,ЛВШ АНО,91105,-4105,,,,2026-01-31,2027-01-26,d12d6330-9ca7-832b-5d95-66a7836a3766,,,2026-01-31 12:34:13,2026-01-31 12:34:13,
4066cb65-19b6-e4fe-ca4d-6a0d7900a58f,ЛВШ-26 АНО,102600,-15600,,,,2026-05-20,2027-05-15,d284ce48-e604-498b-9192-6a00561f7564,,,2026-05-20 12:04:21,2026-05-20 12:04:21,
407f74c2-0049-73ad-0d43-69be814237fd,ЛВШ-26 ФОТОН 2,88200,-1200,,,,2026-03-21,2027-03-16,944adec9-ec7f-12ee-c343-69b6be30a7e6,,,2026-03-21 14:30:48,2026-03-21 14:30:48,
408c77fc-5b94-5355-30d9-6a1416707bba,ЛВШ-26 ФОТОН 2,93100,-6100,,,,2026-05-25,2027-05-20,1c61f821-fe79-966a-e5cc-69da16df4ea2,,,2026-05-25 12:29:55,2026-05-25 12:29:55,
40a32b1a-5b33-06b7-d9a5-69b16fff00e7,ЛВШ АНО,89900,-2900,,,,2026-03-11,2027-03-06,836707ba-5f93-5867-84a3-691b1200e083,,,2026-03-11 16:32:59,2026-03-11 16:32:59,
40be8757-0996-07d9-8c3d-69ff2dd66ff4,ЛВШ-26 ФОТОН 1,93100,-6100,,,,2026-05-09,2027-05-04,9f6c51e8-7b2b-e3d6-f0a6-69f35170c1a4,,,2026-05-09 15:51:53,2026-05-09 15:51:53,
41008efd-db4e-9649-722a-69a81cc7dfef,ЛВШ Фотон,70000,17000,,,,2026-03-04,2027-02-27,42d1ce15-e6df-d638-7a7b-61ead6c691c2,,,2026-03-04 14:48:50,2026-03-04 14:48:50,
41af0b94-ce99-a12b-1a5c-6a0ef2fddb28,ЛВШ-26 АНО,108300,-21300,,,,2026-05-21,2027-05-16,1234ba20-0d4f-8c90-1b38-67af328d2fd4,,,2026-05-21 14:54:45,2026-05-21 14:54:45,
41dc673d-e6c5-570b-ad63-69675574b293,ЛВШ фотон,75000,12000,,,,2026-01-14,2027-01-09,760c94b7-7dfb-cec3-e06e-691c5f59a9ff,,,2026-01-14 11:34:44,2026-01-14 11:34:44,
4222d5db-f53a-5fd6-7618-69ff2341cda9,ЛВШ-26 ФОТОН 1,93100,-6100,,,,2026-05-09,2027-05-04,223ab72f-2573-1077-edbd-69e751564bcd,,,2026-05-09 15:07:56,2026-05-09 15:07:56,
4230b143-90cd-748e-4e99-69eb59ddc3e3,ЛВШ-26 ФОТОН 1 (мат.кап),75000,12000,,,,2026-04-24,2027-04-19,a261fd24-8137-63cb-7f45-6798de0845e1,,,2026-04-24 14:50:42,2026-04-24 14:50:42,
42ac681d-8a21-40b2-89e9-69ff2ad19d98,ЛВШ-26 ФОТОН 2,93100,-6100,,,,2026-05-09,2027-05-04,9b69b442-c5dd-8031-f1d1-69ec98e71636,,,2026-05-09 15:37:09,2026-05-09 15:37:09,
42fdabc0-a3fe-be7e-1e95-6a0c6710a713,ЛВШ-26 АНО,114000,-27000,,,,2026-05-19,2027-05-14,a5ee512a-0b63-237e-3a28-69faff8bbec0,,,2026-05-19 16:37:33,2026-05-19 16:37:33,
44186b66-ff22-ba22-2e53-698da260cc58,ЛВШ ФОТОН 1,83300,3700,,,,2026-02-12,2027-02-07,3b403977-38f8-3644-1e5b-6981ce1c8b66,,,2026-02-12 12:51:28,2026-02-12 12:51:28,
44dc2f97-9f05-1763-435a-698394fb59f7,ЛВШ АНО,86310,690,,,,2026-02-04,2027-01-30,13ce470e-22ae-e627-6212-688736db0340,,,2026-02-04 21:47:50,2026-02-04 21:47:50,
4544ef24-4641-e8ea-7827-696753ebc67b,ЛВШ фотон,73500,13500,,,,2026-01-14,2027-01-09,18ae8832-63c6-a3f5-11dc-682ef2274234,,,2026-01-14 11:26:59,2026-01-14 11:26:59,
46002b51-26cf-f2b9-4245-69d39de7e6fe,ЛВШ-26 ФОТОН 1,75000,12000,,,,2026-04-06,2027-04-01,5064e3d2-f58b-d2da-b591-6501a86dae03,,,2026-04-06 14:48:01,2026-04-06 14:48:01,
464dc7ba-2806-75ad-da90-6a1d3a122fdd,ЛВШ-26 АНО,108300,-21300,,,,2026-06-01,2027-05-27,a97b58d4-7909-feb4-0c8a-6a0c627168f3,,,2026-06-01 10:53:52,2026-06-01 10:53:52,
472f2b44-e026-f876-8dee-699f14430641,ЛВШ-26 АНО,99600,-12600,,,,2026-02-25,2027-02-20,43b20bee-21ac-420a-5d00-67b73cb3c686,,,2026-02-25 18:25:27,2026-02-25 18:25:27,
47c40fd8-eb82-7f0c-c75a-69d769e337e6,ЛВШ-26 АНО,108300,-21300,,,,2026-04-09,2027-04-04,23dd1254-1b93-6145-c761-6620c5bd0f70,,,2026-04-09 11:56:47,2026-04-09 11:56:47,
48230b3b-4390-3ff0-967a-6a0d7e6979bb,ЛВШ-26 АНО,102600,-15600,,,,2026-05-20,2027-05-15,8eeca1bf-305d-8eac-1009-69f8816c16a2,,,2026-05-20 12:26:58,2026-05-20 12:26:58,
48d489f1-3a0d-20bc-cc57-69e1d828bc2f,ЛВШ-26 АНО,114000,-27000,,,,2026-04-17,2027-04-12,ebb9001e-2db9-8e5b-4302-69c64f220956,,,2026-04-17 09:53:03,2026-04-17 09:53:03,
4b560a33-7f05-695b-4b7c-69a7f6a20edb,ЛВШ-26 АНО,84660,2340,,,,2026-03-04,2027-02-27,6942eb61-0e0e-fb3e-ae48-684aa340494e,,,2026-03-04 12:08:28,2026-03-04 12:08:28,
4b7f215b-c144-254b-d761-6a01c5028062,ЛВШ-26 АНО,114000,-27000,,,,2026-05-11,2027-05-06,45b5a7bd-a44f-00bb-df64-62715f6523ef,,,2026-05-11 15:04:05,2026-05-11 15:04:05,
4c0fe072-b697-63a7-52d7-6a0de80f09ca,ЛВШ-26 АНО,114000,-27000,,,,2026-05-20,2027-05-15,42220f11-010a-f6f1-b707-69ddf7122496,,,2026-05-20 19:59:58,2026-05-20 19:59:58,
4c10959d-fcfe-68f4-df91-69f06ccead05,ЛВШ-26 АНО,102600,-15600,,,,2026-04-28,2027-04-23,9e036f82-6cfd-0493-80a3-69d7760bd38c,,,2026-04-28 11:14:36,2026-04-28 11:14:36,
4c236f41-9f7d-446f-988a-69ff2152b2f5,ЛВШ-26 ФОТОН 1,83790,3210,,,,2026-05-09,2027-05-04,211e4d27-db23-ff63-c8cc-69d8f80842e5,,,2026-05-09 14:57:02,2026-05-09 14:57:02,
4c4cb034-1256-8529-6452-6a0c5eed1625,ЛВШ АНО,114000,-27000,,,,2026-05-19,2027-05-14,b043bbbc-3679-95b3-d47a-69beaeb0e7aa,,,2026-05-19 15:59:39,2026-05-19 15:59:39,
4d6d6c02-d03f-ec20-adc5-699edb6563df,ЛВШ-26 АНО,99600,-12600,,,,2026-02-25,2027-02-20,d04a94a9-5c93-8cab-74ed-699c4620df6f,,,2026-02-25 14:21:09,2026-02-25 14:21:09,
4db8cdfe-abda-d2c1-0b66-69848ec41ad5,ЛВШ ФОТОН 2,78400,8600,,,,2026-02-05,2027-01-31,4b486f28-c5ad-f33a-7f66-69786708d1ac,,,2026-02-05 15:36:47,2026-03-13 14:53:29,
4e51958c-bfb1-447b-99d0-69839077ea39,ЛВШ АНО,91105,-4105,,,,2026-02-04,2027-01-30,9a0e3a8d-52c4-f0cd-9311-67e3b3fae671,,,2026-02-04 21:29:27,2026-02-04 21:29:27,
4e91c2a4-c329-6400-1225-6995864e647e,ЛВШ АНО,95900,-8900,,,,2026-02-18,2027-02-13,1664e7fc-34ab-9f6f-1091-69510cf8f735,,,2026-02-18 12:28:18,2026-02-18 12:28:18,
4e9f54b0-5a81-a2ac-fba0-69e090921195,ЛВШ-26 АНО,114000,-27000,,,,2026-04-16,2027-04-11,5dd5bab3-c532-ca02-99bd-69d89884bce6,,,2026-04-16 10:33:09,2026-04-16 10:33:09,
4eb32f96-8586-8c5e-557a-69f073657d8f,ЛВШ-26 АНО,114000,-27000,,,,2026-04-28,2027-04-23,76d27e8c-0748-52b3-619e-69ea55523606,,,2026-04-28 11:44:26,2026-04-28 11:44:26,
4ec690eb-c6a5-55dd-e271-6a0c48de2499,ЛВШ-26 АНО,114000,-27000,,,,2026-05-19,2027-05-14,bf25eb74-cf11-21fd-747e-69e352d96c92,,,2026-05-19 14:22:46,2026-05-19 14:22:46,
4f07e948-cd1e-cbd0-616d-6a0c5e030082,ЛВШ ФОТОН,93100,-6100,,,,2026-05-19,2027-05-14,e3e9aa4c-1ef8-cf0e-2f0b-69cfd648adb2,,,2026-05-19 15:58:28,2026-05-19 15:58:28,
4f5a19f3-6b07-550b-6b7e-696e1e1c8ce4,ЛВШ АНО,91105,-4105,,,,2026-01-19,2027-01-14,291dd727-6a72-c69b-b80c-66a633678295,,,2026-01-19 15:06:40,2026-01-19 15:06:40,
4f904a14-d512-a305-fcb1-69675c7c8ae6,ЛВШ АНО,89900,-2900,,,,2026-01-14,2027-01-09,3f56c21c-6de9-d887-d73c-626a5549ea76,,,2026-01-14 12:08:07,2026-01-14 12:08:07,
50d8cb9f-73c8-b80f-61a1-69a8003048db,ЛВШ ФОТОН 2,83300,3700,,,,2026-03-04,2027-02-27,5cb1832e-0791-32b6-6056-6970b8c993b4,,,2026-03-04 12:52:33,2026-03-04 12:52:33,
5117c3a5-76b2-6f26-6e0d-6a16ca15e67b,ЛВШ-26 АНО,114000,-27000,,,,2026-05-27,2027-05-22,bf2f27b0-cb91-fce2-1ed4-6a0dbbe5fb6b,,,2026-05-27 13:42:28,2026-05-27 13:42:28,
512300ce-4c80-c7d3-8cab-6a0d9f1e783a,ЛВШ-26 ФОТОН 2,93100,-6100,,,,2026-05-20,2027-05-15,902f2bf8-aa89-afcd-49eb-69fb2e43b6d7,,,2026-05-20 14:48:43,2026-05-20 14:48:43,
523db8d7-2451-602a-c63d-69d3890416fd,ЛВШ-26 ФОТОН 1,88200,-1200,,,,2026-04-06,2027-04-01,592dd574-1001-11ea-d08e-69afc3642b58,,,2026-04-06 13:21:15,2026-04-06 13:21:15,
524a5b4b-ace8-1a2e-fdd8-69c268accc76,ЛВШ-26 АНО,105752,-18752,,,,2026-03-24,2027-03-19,93316a4c-1b84-775a-f270-69b907c66417,,,2026-03-24 13:34:49,2026-03-24 13:34:49,
52676580-c1fc-585c-f141-69a15c129d10,ЛВШ-26 АНО,99600,-12600,,,,2026-02-27,2027-02-22,bc1e916a-eb6c-5efe-6fc4-6985b06a8999,,,2026-02-27 11:55:54,2026-02-27 11:55:54,
52e1d888-6c19-1a97-eab5-69f073d54148,ЛВШ-26 АНО,114000,-27000,,,,2026-04-28,2027-04-23,c988d264-089d-4907-3aaf-69e5da5d8e49,,,2026-04-28 11:45:34,2026-04-28 11:45:34,
534d225a-d07d-c23c-03de-69ff1b9fd451,ЛВШ-26 ФОТОН 2,88200,-1200,,,,2026-05-09,2027-05-04,80f6c808-7075-1c22-9b85-69e728315a4e,,,2026-05-09 14:34:57,2026-05-09 14:34:57,
537a05d8-8d88-7d77-1f63-6a1d3a2efc33,ЛВШ-26 АНО,102600,-15600,,,,2026-06-01,2027-05-27,2085087f-c959-6886-d8a9-6a0f16abc540,,,2026-06-01 10:55:10,2026-06-01 10:55:10,
53ea8264-a964-1070-fb12-69b69e8c5a97,ЛВШ-26 ФОТОН 2,75000,12000,,,,2026-03-15,2027-03-10,7e332996-dbb1-36fc-47d8-67c182e98a03,,,2026-03-15 14:54:44,2026-03-15 14:54:44,
5413b442-839c-65b1-9e41-69a811cec99c,ЛВШ ФОТОН 2,83300,3700,,,,2026-03-04,2027-02-27,649505ac-d598-f05b-b6fb-699974c42835,,,2026-03-04 14:02:27,2026-03-04 14:02:27,
5422e203-76da-4488-2234-69e6025aad36,ЛВШ Фотон,75000,12000,,,,2026-04-20,2027-04-15,f0859f69-e915-97a3-63f0-676d57aa5dcd,,,2026-04-20 13:38:07,2026-04-20 13:38:07,
542d1d8c-8494-0d57-b64f-6a214b9745e6,ЛВШ-26 АНО,114000,-27000,,,,2026-06-04,2027-05-30,351f01d8-bba9-3b9b-ad42-69fb494423ac,,,2026-06-04 12:56:20,2026-06-04 12:56:20,
550e0246-c00e-b312-58d9-697763129943,ЛВШ ФОТОН 1,78400,8600,,,,2026-01-26,2027-01-21,cc4a55d7-11af-0ebd-d334-696a0536ba16,,,2026-01-26 15:53:10,2026-01-26 15:53:10,
56283c93-436f-ce4d-f75f-69e120a1041f,ЛВШ-26 ФОТОН 2,93100,-6100,,,,2026-04-16,2027-04-11,234a300c-8909-22e7-e911-69da18a4c74f,,,2026-04-16 20:48:20,2026-04-16 20:48:20,
587a75aa-0446-9035-f0d9-69675867781a,ЛВШ АНО,95900,-8900,,,,2026-01-14,2027-01-09,a1b34c1c-5bb7-b615-ccf9-694d2086eb04,,,2026-01-14 11:49:00,2026-01-14 11:49:00,
589898f7-4fc3-ea18-044c-6a0c5e097dfc,ЛВШ ФОТОН,88200,-1200,,,,2026-05-19,2027-05-14,6bb82a8e-0958-22f3-309d-69c8d72ea5da,,,2026-05-19 16:00:33,2026-05-19 16:00:33,
59696830-8c23-aad1-f639-69d774bbf59b,ЛВШ-26 АНО,85405,1595,,,,2026-04-09,2027-04-04,877856ef-2945-604e-12b3-681f16a7d9dc,,,2026-04-09 12:44:21,2026-04-09 12:44:21,
5a21c23f-3a01-e712-a762-69e11d4695fa,ЛВШ-26 ФОТОН 1,83300,3700,,,,2026-04-16,2027-04-11,e9368e60-4216-dc7b-7903-69d36a85b439,,,2026-04-16 20:32:04,2026-04-16 20:32:04,
5a8bd170-58ac-ba57-6b52-69ff1a76119e,ЛВШ-26 ФОТОН 1,93100,-6100,,,,2026-05-09,2027-05-04,9a90d61a-4438-356a-60e8-69f1b6e45769,,,2026-05-09 14:28:36,2026-05-09 14:28:36,
5bfe55ac-0e73-5b13-d290-69ccfc565e4f,ЛВШ-26 АНО,114000,-27000,,,,2026-04-01,2027-03-27,978e587f-5ac1-fb93-f24b-69ba5909c731,,,2026-04-01 14:07:41,2026-04-01 14:07:41,
5cc9bb5e-32fb-700e-171f-6a21388bcfb5,ЛВШ-26 АНО,108300,-21300,,,,2026-06-04,2027-05-30,dc7f57fa-7583-ceca-5b23-6895adc7cf7e,,,2026-06-04 11:32:57,2026-06-04 11:32:57,
5d346500-baed-aee8-e82c-6a0c5f3edb26,ЛВШ ФОТОН,93100,-6100,,,,2026-05-19,2027-05-14,71b229fa-0618-bcdf-6bc3-678247d46aae,,,2026-05-19 16:01:21,2026-05-19 16:01:21,
5d509cd4-6f05-e64c-a5ca-69b13c915611,ЛВШ-26 АНО,94620,-7620,,,,2026-03-11,2027-03-06,30b2f290-39e3-4351-a877-69b13e86bbc4,,,2026-03-11 12:57:18,2026-03-15 12:55:22,
5df25009-f31e-cb16-3a02-69a81836268b,ЛВШ-26 АНО,94620,-7620,,,,2026-03-04,2027-02-27,80bb7a47-e045-c3ea-ef51-66c4968e83fb,,,2026-03-04 14:32:34,2026-03-04 14:32:34,
5e019f0f-c873-b88c-df3c-6a1421472e8d,ЛВШ-26 АНО,114000,-27000,,,,2026-05-25,2027-05-20,6e377c3c-67cf-064b-157b-6a0419745ed7,,,2026-05-25 13:16:20,2026-05-25 13:16:20,
5f7ca1c0-de44-8145-bfaf-69c63175b516,ЛВШ-26 ФОТОН 1,82026,4974,,,,2026-03-27,2027-03-22,69925edb-d47a-6970-b974-661ce5084183,,,2026-03-27 10:29:32,2026-03-27 10:29:32,
6041b5b8-98fe-b5f2-24da-6a0c4d45d48e,ЛВШ-26 АНО,114000,-27000,,,,2026-05-19,2027-05-14,1f62a966-e2e1-7c7b-fa47-69f9c5ba2bb4,,,2026-05-19 14:44:44,2026-05-19 14:44:44,
606305d5-53cc-d72f-3ff3-6a0c59849580,ЛВШ-26 АНО,102600,-15600,,,,2026-05-19,2027-05-14,5b506dd2-fd43-bb60-5611-69df6299e8a6,,,2026-05-19 15:38:01,2026-05-19 15:38:01,
60874693-c10a-e693-35d6-6a0c5d3d734b,ЛВШ-26 АНО,114000,-27000,,,,2026-05-19,2027-05-14,61483df7-655a-4d24-4069-65364b1e704b,,,2026-05-19 15:53:41,2026-05-19 15:53:41,
608b42da-06ea-23f1-4379-69e9d8bba32d,ЛВШ-26 АНО,85405,1595,,,,2026-04-23,2027-04-18,ac491382-e578-4620-183d-682c4ed78565,,,2026-04-23 11:28:58,2026-04-23 11:28:58,
60950b00-b00f-d7d6-584c-6a0da07e1c29,ЛВШ-26 ФОТОН 2,93100,-6100,,,,2026-05-20,2027-05-15,aaae849b-6cc6-03f6-49a0-69df7b90adb3,,,2026-05-20 14:50:46,2026-05-20 14:50:46,
6139e79c-339b-f9d7-2567-69cbc0c30b33,ЛВШ-26 АНО,114000,-27000,,,,2026-03-31,2027-03-26,bca4cf10-71ac-f5a5-e161-66e6cdf36278,,,2026-03-31 15:38:18,2026-03-31 15:38:18,
615ea3c6-1025-0188-2351-6a0c5453de70,ЛВШ-26 АНО,114000,-27000,,,,2026-05-19,2027-05-14,69dbc08e-6369-d42b-1615-69fdf1eaf3e5,,,2026-05-19 15:16:03,2026-05-19 15:16:03,
6229e7a9-791f-d476-92cb-6a1421b8a434,ЛВШ-26 АНО,114000,-27000,,,,2026-05-25,2027-05-20,acf66a3c-42f4-1ec6-a73f-6a0339466529,,,2026-05-25 13:15:24,2026-05-25 13:15:24,
6238166f-0322-1a9b-2723-69ff2b03f5ba,ЛВШ-26 ФОТОН 2,79135,7865,,,,2026-05-09,2027-05-04,937b60ea-2dbf-beb3-563b-612b72efcc1e,,,2026-05-09 15:40:44,2026-05-09 15:40:44,
623ac866-c8af-4d4a-b35d-697a687efe54,ЛВШ АНО,86310,690,,,,2026-01-28,2027-01-23,e4a5facc-ab3c-1eb9-eb00-6805f5e8f9b3,,,2026-01-28 22:50:18,2026-01-28 22:50:18,
627168b3-dc47-bbfc-3dd6-698491225002,ЛВШ ФОТОН 2,78400,8600,,,,2026-02-05,2027-01-31,3410c288-43cc-361c-db1c-689b2e12a97f,,,2026-02-05 15:47:45,2026-02-05 15:47:45,
627a09f7-2727-3bc3-9239-69b13deb7079,ЛВШ-26 АНО,99600,-12600,,,,2026-03-11,2027-03-06,488b6d4a-aff8-cba6-e865-69aea159ba33,,,2026-03-11 13:00:23,2026-03-11 13:00:23,
6422396a-4d84-eb99-6f12-69ff2a40f764,ЛВШ-26 ФОТОН 1,93100,-6100,,,,2026-05-09,2027-05-04,4a37bf7c-9e04-3aff-cd44-69f32e245ef1,,,2026-05-09 15:37:57,2026-05-09 15:37:57,
64367812-74c9-fe18-3c8b-69e1254bb70a,ЛВШ-26 ФОТОН 1,86583,417,,,,2026-04-16,2027-04-11,2c39ea6d-c6f5-fbf4-5edd-68b805bcf948,,,2026-04-16 21:10:00,2026-04-16 21:10:00,
64821df8-1d60-d0a4-5f2d-69e876ff6791,ЛВШ-26 ФОТОН 1,83300,3700,,,,2026-04-22,2027-04-17,11d680ed-cc15-0768-6936-69c240678bb4,,,2026-04-22 10:21:33,2026-04-22 10:21:33,
648509fb-496a-b427-1366-6a01c53d6943,ЛВШ-26 АНО,114000,-27000,,,,2026-05-11,2027-05-06,f67602a4-b814-97a1-2ee4-69e4a4f92db9,,,2026-05-11 15:01:47,2026-05-11 15:01:47,
64ad536c-2e3c-31d8-6696-698c548bb182,ЛВШ АНО,91105,-4105,,,,2026-02-11,2027-02-06,2782e92f-82be-71c5-8507-68f5f7aa4f2d,,,2026-02-11 13:05:48,2026-02-11 13:05:48,
655350c7-6f38-95dd-2806-69d3998fc4ab,ЛВШ-26 ФОТОН 1,83300,3700,,,,2026-04-06,2027-04-01,8fd1146f-0bd1-c1ed-2800-69b7e0f6cdda,,,2026-04-06 14:29:47,2026-04-06 14:29:47,
65a10b07-4763-4b7b-1150-6998aa7dce26,ЛВШ-26 АНО,99600,-12600,,,,2026-02-20,2027-02-15,5432dbaf-46f3-0f4e-ee49-65e085fba58e,,,2026-02-20 21:41:39,2026-02-20 21:41:39,
65d46ac9-c8f0-d394-0bae-6a0c539c9387,ЛВШ-26 АНО,102600,-15600,,,,2026-05-19,2027-05-14,6854163d-d6ac-4814-7dbb-6a018750b22e,,,2026-05-19 15:09:38,2026-05-19 15:09:38,
66343ecf-96e4-61cf-636f-69d3a312b40d,ЛВШ-26 ФОТОН 1,79380,7620,,,,2026-04-06,2027-04-01,5a485203-b688-03d4-af1e-69ccc669aa2a,,,2026-04-06 15:13:36,2026-04-06 15:13:36,
66ca0fff-1925-63e1-9318-6a16ca63e5d6,ЛВШ-26 АНО,114000,-27000,,,,2026-05-27,2027-05-22,94b718f7-cf3f-c6d9-8afa-69f47aae6908,,,2026-05-27 13:43:13,2026-05-27 13:43:13,
6741350e-529d-d60a-64cf-69c3a051ea8e,ЛВШ АНО,95900,-8900,,,,2026-03-25,2027-03-20,8ca53733-ad38-1b05-729c-696de229792a,,,2026-03-25 11:46:00,2026-03-25 11:46:00,
687b74bf-a592-3b56-b911-6a159d3f43c9,ЛВШ-26 АНО,114000,-27000,,,,2026-05-26,2027-05-21,925da4b8-39b3-c98b-6912-69e612270673,,,2026-05-26 16:16:09,2026-05-26 16:16:09,
68c4078c-5175-7179-a653-69e9d91a9e58,ЛВШ-26 ФОТОН 1,87000,0,,,,2026-04-23,2027-04-18,abe961b2-7fb2-bf16-c0ee-69a2cc648299,,,2026-04-23 11:35:37,2026-04-23 11:35:37,
69c6f25d-6e5d-5bdf-a432-6a0c5c55d13e,ЛВШ АНО 3,102600,-15600,,,,2026-05-19,2027-05-14,9fa10ba0-2374-dabb-c0a0-69c0e835a3d6,,,2026-05-19 15:50:00,2026-05-19 15:50:00,
6a33782b-550e-aa61-f02e-698396a98ff3,ЛВШ АНО,86310,690,,,,2026-02-04,2027-01-30,c51ee331-f87c-4f12-fe28-67f8e081cde7,,,2026-02-04 21:55:27,2026-02-04 21:55:27,
6a464543-ea50-e4bd-9c41-6996ca286d2c,ЛВШ ФОТОН 2,79135,7865,,,,2026-02-19,2027-02-14,22930b0e-0a80-5026-813f-6915a40ce626,,,2026-02-19 11:32:12,2026-02-19 11:32:12,
6c5f94a8-305c-bb2a-b23f-69c63ced5e68,ЛВШ-26 ФОТОН 1,88200,-1200,,,,2026-03-27,2027-03-22,1aac4c48-0b01-ac81-84bb-69b3af93a9a9,,,2026-03-27 11:14:03,2026-03-27 11:14:03,
6c6dee04-6a47-32ae-164d-698c53fb0660,ЛВШ АНО,102000,-15000,,,,2026-02-11,2027-02-06,913a0302-ff00-fadf-8aa5-69887622c9fb,,,2026-02-11 13:02:17,2026-02-11 13:02:17,
6c915b99-8a32-0ae1-c1d0-6a143016059b,ЛВШ-26 ФОТОН 1,93100,-6100,,,,2026-05-25,2027-05-20,582c48b5-eb3d-81b3-810c-69d749391dd9,,,2026-05-25 14:19:32,2026-05-25 14:19:32,
6d100df4-a74e-a86c-3c2b-69d37ba56c11,ЛВШ-26 ФОТОН 1,79380,7620,,,,2026-04-06,2027-04-01,16c0bef6-8c93-1617-5fed-69badf1aaa3a,,,2026-04-06 12:22:32,2026-04-06 12:22:32,
6dbc2914-8f9e-d4df-7dcf-6a0c5ce82e54,ЛВШ АНО 3,108300,-21300,,,,2026-05-19,2027-05-14,a0e41e76-7202-811f-38b0-687e252a0d6c,,,2026-05-19 15:49:10,2026-05-19 15:49:10,
6dc753cf-a345-de7e-a089-6a182d3e3db7,ЛВШ-26 АНО,114000,-27000,,,,2026-05-28,2027-05-23,2c31bbd1-a556-f01e-d38f-6a0d8d88ae87,,,2026-05-28 14:56:05,2026-05-28 14:56:05,
6e366ce0-bf53-0caa-a84d-696752ee17a6,ЛВШ фотон,75000,12000,,,,2026-01-14,2027-01-09,d56048a1-7035-ebcb-9695-67c1b2b6d4b8,,,2026-01-14 11:25:03,2026-01-14 11:25:03,
6e46e98d-aaa9-67b5-4b5d-69f06975bd23,ЛВШ-26 АНО,114000,-27000,,,,2026-04-28,2027-04-23,ebf33f00-ac21-c9d8-22ed-67346fba2a5a,,,2026-04-28 11:00:50,2026-04-28 11:00:50,
6e72b124-790e-fa95-c306-69dce37c01ea,ЛВШ-26 АНО,114000,-27000,,,,2026-04-13,2027-04-08,92fac9c3-abca-be4a-0b3c-69ce5f0529f7,,,2026-04-13 15:37:08,2026-04-13 15:37:08,
6e9fb783-5c79-02d9-8073-69bd19b72ac1,ЛВШ-26 ФОТОН 2,88200,-1200,,,,2026-03-20,2027-03-15,5725fbfc-154c-a6ec-1e01-69b53a5d6a10,,,2026-03-20 12:54:57,2026-03-20 12:54:57,
6ee43227-c0d1-2d7d-8872-6968cabb1dc9,ЛВШ ФОТОН,78400,8600,,,,2026-01-15,2027-01-10,b9e66cac-6789-96ae-d8f3-6960ba4de156,,,2026-01-15 14:08:19,2026-01-15 14:08:19,
702421ed-eda9-2e79-5a88-69e090b606f7,ЛВШ-26 АНО,114000,-27000,,,,2026-04-16,2027-04-11,79050450-e3ae-181f-3170-69d894ff88ff,,,2026-04-16 10:32:03,2026-04-16 10:32:03,
708c1e72-e2a3-4b2f-c3c2-69675cd14dc7,ЛВШ АНО,83800,3200,,,,2026-01-14,2027-01-09,380e9c43-5c97-e014-197d-6631f2ac78c0,,,2026-01-14 12:07:14,2026-01-14 12:07:14,
710e5e41-7d02-c77c-26a6-69a817cd2462,ЛВШ-26 АНО,99600,-12600,,,,2026-03-04,2027-02-27,47463c59-3b9e-e02f-a379-69a30481b14e,,,2026-03-04 14:29:03,2026-03-04 14:29:03,
71bd463c-df24-d5b9-3410-69d3a27edbaf,ЛВШ-26 ФОТОН 2,88200,-1200,,,,2026-04-06,2027-04-01,aa7cc6fc-f901-736c-6818-68b6a3b79ca1,,,2026-04-06 15:09:41,2026-04-06 15:09:41,
71eb7f88-b976-bcaf-a309-69675df2f3a5,ЛВШ АНО,95900,-8900,,,,2026-01-14,2027-01-09,2ee71fa3-ee84-eba6-1b4e-694bfb0d18ed,,,2026-01-14 12:12:15,2026-01-14 12:12:15,
72e3c1ad-96ec-b941-ffdc-69d3a35be65e,ЛВШ-26 ФОТОН 1,88200,-1200,,,,2026-04-06,2027-04-01,6bf9221c-97b0-ece0-a5fe-69cd2901598b,,,2026-04-06 15:12:40,2026-04-06 15:12:40,
72ec1fbf-7b41-9a25-1194-699f12d92a30,ЛВШ-26 АНО,99600,-12600,,,,2026-02-25,2027-02-20,c74c7027-7525-63c4-cdcf-699ae7ddf34c,,,2026-02-25 18:16:37,2026-02-25 18:16:37,
73568e94-59ee-0b4e-eda9-69675a736ed2,ЛВШ АНО,89900,-2900,,,,2026-01-14,2027-01-09,8cfc5226-063a-dba1-8e59-681c913834de,,,2026-01-14 11:56:04,2026-01-14 11:56:04,
7424e08f-5ac3-dbb9-b8e0-6a1418eeac95,ЛВШ-26 ФОТОН 1,88445,-1445,,,,2026-05-25,2027-05-20,1d70e1df-c0bc-0958-310e-689346b9cb74,,,2026-05-25 12:36:47,2026-05-25 12:36:47,
74eb054d-318c-0539-bdc1-69e9c9b88182,ЛВШ-26 АНО,114000,-27000,,,,2026-04-23,2027-04-18,4b3e3eee-62b3-14c1-1660-69dcf7638706,,,2026-04-23 10:24:15,2026-04-23 10:24:15,
74f31593-3e49-ee15-44df-69839dc000cb,ЛВШ ФОТОН 1,75000,12000,,,,2026-02-04,2027-01-30,9b88c34d-e74d-be18-d493-67e1299f8e8b,,,2026-02-04 22:25:44,2026-02-04 22:25:44,
765930b4-0f08-db99-de03-69c39f1a6e90,ЛВШ Фотон 2,75000,12000,,,,2026-03-25,2027-03-20,d5ba0562-383a-9a3e-c3ac-6763e5631b65,,,2026-03-25 11:38:48,2026-03-25 11:38:48,
766eb846-4a44-8b9e-0fbf-69e9cdab988a,ЛВШ-26 АНО,114000,-27000,,,,2026-04-23,2027-04-18,c757f199-2945-dffd-f34d-69dce981a7c0,,,2026-04-23 10:42:52,2026-04-23 10:42:52,
76d144b7-a516-77c8-6cff-69a9771edbaa,ЛВШ-26 ФОТОН 2,83300,3700,,,,2026-03-05,2027-02-28,94000ff1-8ad6-383b-06e9-69a53971863f,,,2026-03-05 15:31:43,2026-03-05 15:31:43,
771e7f76-5141-4126-347f-696752fe643c,ЛВШ фотон,75000,12000,,,,2026-01-14,2027-01-09,3d34ddd7-0e72-5f31-d71d-691aee3a7967,,,2026-01-14 11:23:44,2026-01-14 11:23:44,
77b5b470-b750-71bb-86aa-699584303163,ЛВШ фотон,75000,12000,,,,2026-02-18,2027-02-13,ec3f88cf-75d2-c952-0a04-68c279a5c588,,,2026-02-18 12:23:09,2026-02-18 12:23:09,
77b5db65-d436-ea27-298c-69f075d841a9,ЛВШ-26 АНО,108300,-21300,,,,2026-04-28,2027-04-23,4d3f9de6-a9ec-7606-7cd0-6932ac21d448,,,2026-04-28 11:51:22,2026-04-28 11:51:22,
77b9d32a-4a6d-458f-2df9-6a0dce88f6eb,ЛВШ АНО,114000,-27000,,,,2026-05-20,2027-05-15,8d1bf77b-1862-30d7-d131-69e755f1ad36,,,2026-05-20 18:10:07,2026-05-20 18:10:07,
786864fc-101e-8f01-89b7-69e9ca9a34bd,ЛВШ-26 АНО,114000,-27000,,,,2026-04-23,2027-04-18,b74c3430-8d8d-5299-6c9d-69dcfb95ea16,,,2026-04-23 10:29:41,2026-04-23 10:29:41,
78841ba1-f935-0933-ff8e-6a01c5cedbcd,ЛВШ-26 АНО,114000,-27000,,,,2026-05-11,2027-05-06,2799b3cf-0c0c-6c65-c2e6-69f21bcd7d98,,,2026-05-11 15:03:19,2026-05-11 15:03:19,
78978283-7dfb-66ab-43f0-699f1885a3a1,ЛВШ ФОТОН 1,83300,3700,,,,2026-02-25,2027-02-20,aa34270d-42b2-d14c-d1ff-663c8cfcc59e,,,2026-02-25 18:41:03,2026-02-25 18:41:03,
793e58b5-1b13-1dc5-88dd-69f0e0c2f4f2,ЛВШ-26 ФОТОН 1,93100,-6100,,,,2026-04-28,2027-04-23,a8bbafdc-a9b8-2f93-ae94-69e7496ab604,,,2026-04-28 19:30:33,2026-04-28 19:30:33,
7986cae2-1870-22d5-71b5-6a2181aa77dc,ЛВШ-26 ФОТОН 2,88445,-1445,,,,2026-06-04,2027-05-30,781de580-73b8-e3ba-f4ff-682efda2a47c,,,2026-06-04 16:46:43,2026-06-04 16:46:43,
79ae8bc6-2434-dcf9-3aef-69e11bfcbc52,ЛВШ-26 ФОТОН 1,75000,12000,,,,2026-04-16,2027-04-11,da68a8c6-6cd5-2fa3-97bf-6485d136b608,,,2026-04-16 20:26:23,2026-04-16 20:26:23,
79d507cb-7a2b-3f7b-444d-69be86c367b0,ЛВШ-26 ФОТОН 1,88200,-1200,,,,2026-03-21,2027-03-16,5910e71c-96e7-0d6c-c936-69bab5525200,,,2026-03-21 14:52:05,2026-03-21 14:52:05,
7a03437e-a163-ab42-0791-697c9e8f16b5,ЛВШ ФОТОН 2,75000,12000,,,,2026-01-30,2027-01-25,90f25e98-afa7-aa10-6ca9-67d2b1ec336f,,,2026-01-30 15:06:38,2026-01-30 15:06:38,
7a8b42f8-bca8-1030-3354-69a7fb92b019,ЛВШ ФОТОН 2,79135,7865,,,,2026-03-04,2027-02-27,8b58bea0-54bf-eb1a-645e-6811ce03dbf5,,,2026-03-04 12:31:13,2026-03-04 12:31:13,
7b162ab2-59d1-d5bc-8e70-6967c2103306,ЛВШ АНО,95900,-8900,,,,2026-01-14,2027-01-09,48ae6fb4-9ca7-7826-38c6-6960e2ef5033,,,2026-01-14 19:22:50,2026-01-14 19:22:50,
7b88d799-2583-e3fe-1612-69d37af40845,ЛВШ-26 ФОТОН 2,88200,-1200,,,,2026-04-06,2027-04-01,d6004a8c-2437-ac97-0381-69cb68dbc0db,,,2026-04-06 12:20:38,2026-04-06 12:20:38,
7caf0589-e72c-8b0a-ec43-69e8797f205d,ЛВШ-26 ФОТОН 1,83300,3700,,,,2026-04-22,2027-04-17,6a04c685-aa56-4429-78ff-698ecf632b3b,,,2026-04-22 10:31:57,2026-04-22 10:31:57,
7ce90675-8e6e-6b9a-14c6-6a0c602ebb7d,ЛВШ ФОТОН,83300,3700,,,,2026-05-19,2027-05-14,dbc7c527-7917-186e-1343-69afcbbac41f,,,2026-05-19 16:08:50,2026-05-19 16:08:50,
7ceb90b2-56f1-a562-beb4-698d9a661b3b,ЛВШ ФОТОН 2,75000,12000,,,,2026-02-12,2027-02-07,64a4b0bd-0bc6-91af-2e46-683857209ce0,,,2026-02-12 12:18:53,2026-02-12 12:18:53,
7d1a0cbd-15af-f4a7-dcdf-69a15ee3ae35,ЛВШ-26 АНО,99600,-12600,,,,2026-02-27,2027-02-22,1f14cb1d-12bd-bba2-9393-6971d5df9dcf,,,2026-02-27 12:07:12,2026-02-27 12:07:12,
7d3f81a4-35cc-3e77-3ae9-69d640d06da7,ЛВШ-26 АНО,106020,-19020,,,,2026-04-08,2027-04-03,1dec268d-d9a1-19f1-03c2-66d4218116a7,,,2026-04-08 14:46:16,2026-04-08 14:46:16,
7d93f1c0-874a-d0df-a310-69c2626897b4,ЛВШ-26 АНО,114000,-27000,,,,2026-03-24,2027-03-19,db8dbb2a-b5f5-4b28-4b9d-662e18443bf8,,,2026-03-24 13:09:24,2026-03-24 13:09:24,
7efd90e7-73e0-d824-2fb3-6a16cb617471,ЛВШ-26 АНО,114000,-27000,,,,2026-05-27,2027-05-22,4becf049-f675-8509-dedd-69faf220ba35,,,2026-05-27 13:46:12,2026-05-27 13:46:12,
7f842716-b2ab-e73d-e325-6979b36a25b8,ЛВШ ФОТОН 1,78400,8600,,,,2026-01-28,2027-01-23,1a2f3039-54e1-d32a-0285-69770f1725ca,,,2026-01-28 09:56:50,2026-01-28 09:56:50,
7f88a539-1148-0a3c-d7c4-697c9cd565f2,ЛВШ ФОТОН 2,75000,12000,,,,2026-01-30,2027-01-25,b63b1d39-b286-4383-2a74-61f684650904,,,2026-01-30 14:54:51,2026-01-30 14:54:51,
7fa274d2-62ca-b0e1-3e3a-69e1d784762f,ЛВШ-26 АНО,108300,-21300,,,,2026-04-17,2027-04-12,d6dc1acd-3924-8b75-6733-69dcfee7b2be,,,2026-04-17 09:48:52,2026-04-17 09:48:52,
802de800-c14a-2f51-b1d8-69be801218bb,ЛВШ-26 ФОТОН 2,83790,3210,,,,2026-03-21,2027-03-16,ee754406-769c-cc32-2a32-62fe2017ef6d,,,2026-03-21 14:27:59,2026-03-21 14:27:59,
804349c4-a9ff-4e62-8afd-6a0d768f75b9,ЛВШ-26 АНО,95900,-8900,,,,2026-05-20,2027-05-15,1b619752-5d35-50e0-c823-697dde04495f,,,2026-05-20 11:54:29,2026-05-20 11:54:29,
80ec27e8-4f03-e076-6206-69a81c355372,ЛВШ Фотон,75000,12000,,,,2026-03-04,2027-02-27,697c651b-943a-195d-9b49-697db703adf0,,,2026-03-04 14:52:01,2026-03-04 14:52:01,
8193a555-3a5d-bde7-2346-6980829be221,ЛВШ Фотон,74727.5,12272.5,,,,2026-02-02,2027-01-28,6e32529e-581f-6b1a-571d-63ef5425c9e8,,,2026-02-02 13:56:14,2026-04-20 10:10:52,
821f7fa5-7a23-7609-2a7c-6a0dce3e7eba,ЛВШ АНО,99600,-12600,,,,2026-05-20,2027-05-15,245fb3d4-14d6-d7fb-aabf-69ae8a2d3271,,,2026-05-20 18:09:08,2026-05-20 18:09:08,
82670439-6314-ea5e-d4f1-69c63b853a3d,ЛВШ-26 ФОТОН 1,79380,7620,,,,2026-03-01,2027-02-24,70eaf28f-cd66-8a25-f0fc-69b1187523c3,,,2026-03-27 11:12:13,2026-03-27 11:12:13,
82a524d3-8acb-4721-76b1-69c39e9cdd0a,ЛВШ фотон,83300,3700,,,,2026-03-25,2027-03-20,dbbb0ae9-9c67-2a4c-22a6-699eaa80a890,,,2026-03-25 11:36:23,2026-03-25 11:36:23,
82d88a3e-6ee1-7972-f9fa-69787ec8169c,ЛВШ АНО,79610,7390,,,,2026-01-27,2027-01-22,74529981-c87c-f4e1-d68b-6489a3815879,,,2026-01-27 12:00:33,2026-01-27 12:00:33,
82f1f64a-0e9f-3f25-ce86-6a1d3f9bd66a,ЛВШ-26 АНО,102600,-15600,,,,2026-06-01,2027-05-27,bae3e007-383a-a4df-9ba8-6a0db33007f1,,,2026-06-01 11:14:20,2026-06-01 11:14:20,
8414bc05-8a7e-d9d7-284d-69d766a77def,ЛВШ-26 АНО,114000,-27000,,,,2026-04-09,2027-04-04,e8e153b8-0f62-9c0a-d8f8-69cf6d36a3f1,,,2026-04-09 11:41:05,2026-04-09 11:41:05,
85d64685-e24a-2611-de4c-69f3171349ae,ЛВШ-26 АНО,114000,-27000,,,,2026-04-30,2027-04-25,3a36c110-7b65-df60-f9a8-69eb65c43caf,,,2026-04-30 11:49:17,2026-04-30 11:49:17,
865ba2da-9253-2092-2e9b-6a0c6429cfb6,ЛВШ ФОТОН,83300,3700,,,,2026-05-19,2027-05-14,cf67dbba-6e06-3aac-7a5e-69afcc8a75dc,,,2026-05-19 16:23:17,2026-05-19 16:23:17,
8737abfb-ac2d-8d32-5b0f-69d37b91cfc5,ЛВШ-26 ФОТОН 1 (мат.кап),83300,3700,,,,2026-04-06,2027-04-01,ab50decd-30e0-ef87-354b-6995aa191103,,,2026-04-06 12:25:03,2026-04-06 12:25:03,
885e8209-6052-a0c9-7154-69f06f12b6fc,ЛВШ-26 АНО,108000,-21000,,,,2026-04-28,2027-04-23,d8351303-0848-3eba-abeb-69df5b1a6b60,,,2026-04-28 11:27:05,2026-04-28 11:27:05,
889ffe08-6875-03ef-6b7b-69e1d87e2e52,ЛВШ-26 АНО,114000,-27000,,,,2026-04-17,2027-04-12,61374351-efdb-f91b-acb1-69c64e9a6b9b,,,2026-04-17 09:49:36,2026-04-17 09:49:36,
89074207-dd93-226e-9f9b-69ccfd08a75f,ЛВШ-26 АНО,95900,-8900,,,,2026-04-01,2027-03-27,99ab08c5-47d3-ccab-dcb7-693aa80fb0dd,,,2026-04-01 14:11:13,2026-04-01 14:11:13,
89acab41-2c19-f3e2-c68d-6a2178bc9d30,ЛВШ-26 ФОТОН 2,88445,-1445,,,,2026-06-04,2027-05-30,293f3c4a-a963-e72c-38a7-683078ff309e,,,2026-06-04 16:07:32,2026-06-04 16:07:32,
89c6804f-926a-fac5-6293-6a0d76820f7b,ЛВШ-26 АНО,114000,-27000,,,,2026-05-20,2027-05-15,a4e6669b-5ded-12db-9652-69f4abbf50b0,,,2026-05-20 11:55:16,2026-05-20 11:55:16,
89f7712f-67fd-ac34-ad87-6967588a442b,ЛВШ АНО,79500,7500,,,,2026-01-14,2027-01-09,aab230b0-4b35-d4db-f7f2-6810b4ff23fc,,,2026-01-14 11:50:49,2026-01-14 11:50:49,
8a41df5c-7069-bedb-e9e3-69f0719694de,ЛВШ-26 АНО,114000,-27000,,,,2026-04-28,2027-04-23,f2a4431e-25fa-ea85-d0f4-69d4aa141a0f,,,2026-04-28 11:37:22,2026-04-28 11:37:22,
8b5e9191-b093-2f12-838e-69e129a43b39,ЛВШ-26 АНО,99600,-12600,,,,2026-04-16,2027-04-11,ce894d99-c50b-0e4d-08c8-69ac28763315,,,2026-04-16 21:23:47,2026-04-16 21:23:47,
8b7a052d-7b49-74c1-ee11-69cbbb524148,ЛВШ-26 АНО,85405,1595,,,,2026-03-31,2027-03-26,96bc32de-2fb8-2bf4-5fda-67a0adc4ef9f,,,2026-03-31 15:19:11,2026-03-31 15:19:11,
8b996e2a-a6d4-90f6-bbc9-6a141db24152,ЛВШ-26 АНО,114000,-27000,,,,2026-05-25,2027-05-20,389a4859-5052-0c7f-f859-69e3855d523c,,,2026-05-25 12:58:02,2026-05-25 12:58:02,
8bb16b61-ad06-28ee-c50f-6a141e8a64d0,ЛВШ-26 АНО,102600,-15600,,,,2026-05-25,2027-05-20,cd437408-12db-0e53-6342-69faea1baf1f,,,2026-05-25 13:02:00,2026-05-25 13:02:00,
8bc118c5-80c1-5b1b-7824-69bba9dcebf5,ЛВШ-26 АНО,95900,-8900,,,,2026-03-19,2027-03-14,1886361e-f337-5291-e8d8-69425aeba145,,,2026-03-19 10:44:47,2026-03-19 10:44:47,
8bed5284-0f14-6082-ea8f-6a182c5c05bf,ЛВШ-26 АНО,102600,-15600,,,,2026-05-28,2027-05-23,cd674f7e-32af-1671-b6cd-6a1438be7251,,,2026-05-28 14:51:37,2026-05-28 14:51:37,
8c0c04b0-2b09-7dfa-719d-69a5ad5ce348,ЛВШ-26 АНО,99600,-12600,,,,2026-03-02,2027-02-25,dea53c9c-92f3-471a-4aa2-699ea57fb88a,,,2026-03-02 18:31:42,2026-03-02 18:31:42,
8c16ad9c-d3f8-22d4-2fa1-69d39ef12909,ЛВШ ФОТОН 1,88200,-1200,,,,2026-04-06,2027-04-01,e433e1c3-ec46-b58a-3813-69c0e095e0f1,,,2026-04-06 14:52:07,2026-04-06 14:52:07,
8c3fd701-e05c-c393-82cf-69cd0219b4a6,ЛВШ-26 АНО,114000,-27000,,,,2026-04-01,2027-03-27,c86bf4a5-bf43-b795-2b34-69c4ec6a4337,,,2026-04-01 14:33:50,2026-04-01 14:33:50,
8c5d3560-ca30-4b0e-1005-69a81621b5e0,ЛВШ-26 АНО,99600,-12600,,,,2026-03-04,2027-02-27,f1c85777-83ac-8e01-0f47-699990097a56,,,2026-03-04 14:26:11,2026-03-04 14:26:11,
8c681efd-bc2c-3951-6713-6a182e31bee5,ЛВШ-26 АНО,102600,-15600,,,,2026-05-28,2027-05-23,c18f35e1-0095-0b36-b177-6a1329cb4308,,,2026-05-28 15:02:22,2026-05-28 15:02:22,
8d7c03b9-fc4c-cbdf-07c8-6a0c60d93eff,ЛВШ-26 АНО,114000,-27000,,,,2026-05-19,2027-05-14,a327c65f-c3ba-a33f-5b07-69d61d6f058e,,,2026-05-19 16:07:57,2026-05-19 16:07:57,
8edc3ea8-1e36-e217-4742-698da159c96f,ЛВШ ФОТОН 1,83300,3700,,,,2026-02-12,2027-02-07,5eb14cf5-0dab-a8dd-1429-6985e01b514d,,,2026-02-12 12:44:42,2026-02-12 12:44:42,
8ef3b581-d6f6-acd6-c7b3-69bba872d8f4,ЛВШ-26 АНО,114000,-27000,,,,2026-03-19,2027-03-14,ded5bb28-73a8-55df-00b3-69b3b3101e5c,,,2026-03-19 10:39:59,2026-03-19 10:39:59,
8f6b3c75-9f40-d6fb-c0b4-69df6d750e7f,ЛВШ АНО,91105,-4105,,,,2026-04-15,2027-04-10,d2707a5c-b3a4-ce6b-5bff-6810e7f05817,,,2026-04-15 13:49:29,2026-04-15 13:49:29,
8ffb9d2c-9abf-4611-4082-69a8099d1ec6,ЛВШ-26 ФОТОН 2,74135,12865,,,,2026-03-04,2027-02-27,2fc8efce-4640-ed99-c70d-642ae3dbc82c,,,2026-03-04 13:30:35,2026-03-04 13:30:35,
902a0119-0f87-64c1-4653-6a0c5bb50b6c,ЛВШ АНО 3,102600,-15600,,,,2026-05-19,2027-05-14,6b2b49ea-1da2-7846-9c6b-69c0f0017dd9,,,2026-05-19 15:46:42,2026-05-19 15:46:42,
903f1dbb-0ad8-85ad-7561-69848d7e2fa9,ЛВШ ФОТОН 1,75000,12000,,,,2026-02-05,2027-01-31,414780d6-1cd5-6573-4fd8-6862675ec7ad,,,2026-02-05 15:32:00,2026-02-05 15:32:00,
90f6b727-ae4f-8f4a-8015-69a81c2e9bd9,ЛВШ Фотон,75000,12000,,,,2026-03-04,2027-02-27,b8af1ad4-bcda-9ed7-15b8-647706e22ffb,,,2026-03-04 14:50:47,2026-03-04 14:50:47,
9124527c-2710-19ba-972e-69e1d87ce99b,ЛВШ-26 АНО,114000,-27000,,,,2026-04-17,2027-04-12,5e56651c-5123-9102-3ac2-69c62b4a398b,,,2026-04-17 09:53:42,2026-04-17 09:53:42,
9141fa64-e5b2-1762-e25c-69ff2510afce,ЛВШ-26 ФОТОН 1,93100,-6100,,,,2026-05-09,2027-05-04,2f5dfe9f-ec68-2f76-309e-69f9ab200a39,,,2026-05-09 15:18:03,2026-05-09 15:18:03,
91434019-df47-184e-8642-69ff2476b97e,ЛВШ-26 ФОТОН 1,79135,7865,,,,2026-05-09,2027-05-04,9aae83b0-d323-ab15-6920-69faef3c36c7,,,2026-05-09 15:10:37,2026-05-09 15:10:37,
91535272-e65c-4ef9-2dbc-69e11b38f2c6,ЛВШ-26 ФОТОН 1,75000,12000,,,,2026-04-16,2027-04-11,504abcdc-fc0c-588b-02f1-65d49008dec3,,,2026-04-16 20:23:48,2026-04-16 20:23:48,
916d5b9e-c9bd-d6ae-43d3-69d61e0efc0c,ЛВШ-26 АНО,99600,-12600,,,,2026-04-08,2027-04-03,ae4ad174-8c96-5a18-5b4d-6981a532b1f7,,,2026-04-08 12:24:47,2026-04-08 12:24:47,
91976736-5dd8-f792-a108-69cb88dc07fa,ЛВШ Фотон 1,78400,8600,,,,2026-03-31,2027-03-26,90a42b55-e310-a4e7-b1cb-69774d47e019,,,2026-03-31 11:40:13,2026-03-31 11:40:13,
91f2d751-57b2-5b22-553a-6a0d73899485,ЛВШ-26 АНО,102600,-15600,,,,2026-05-20,2027-05-15,bf1de02a-93d2-cabe-8c08-6a04579126d1,,,2026-05-20 11:40:24,2026-05-20 11:40:24,
92630212-4d7c-63fc-c70c-6a2177ad768a,ЛВШ-26 ФОТОН 2,88445,-1445,,,,2026-06-04,2027-05-30,9f6c51e8-7b2b-e3d6-f0a6-69f35170c1a4,,,2026-06-04 16:02:44,2026-06-04 16:02:44,
931113c2-6aa7-6bd2-c0fa-697c9e737465,ЛВШ ФОТОН 2,78400,8600,,,,2026-01-30,2027-01-25,b3590468-091b-9afe-9c7c-696e11c58419,,,2026-01-30 15:05:26,2026-01-30 15:05:26,
934a54c6-ccee-4289-2bc5-6a21833edbe5,ЛВШ-26 ФОТОН 1,93100,-6100,,,,2026-06-04,2027-05-30,3cef958e-0b2b-07e2-d6dc-69fb2402adc7,,,2026-06-04 16:54:54,2026-06-04 16:54:54,
941a352f-5f47-c806-64b4-69c39fcd8345,лвш фотон 2,78400,8600,,,,2026-03-25,2027-03-20,c2fe7607-67c7-29da-af8a-692821c8cc6e,,,2026-03-25 11:39:48,2026-03-25 11:39:48,
94eecae9-ec42-c863-7b4d-69f06d128108,ЛВШ-26 АНО,114000,-27000,,,,2026-04-28,2027-04-23,6f1b0fcd-4440-da80-5157-69e22bbc32e9,,,2026-04-28 11:17:12,2026-04-28 11:17:12,
953b89f9-e256-440b-7c68-69c3a20b002d,ЛВШ АНО,114000,-27000,,,,2026-03-25,2027-03-20,7f671dab-af2a-48c7-e3db-69b67e202a00,,,2026-03-25 11:52:11,2026-03-25 11:52:11,
972600cf-8d0c-0ca9-8470-69a81e4a7c81,ЛВШ АНО,91107.5,-4107.5,,,,2026-03-04,2027-02-27,231b12ed-80cb-140a-4819-6694e42568b8,,,2026-03-04 14:57:22,2026-03-04 14:57:22,
97bd0308-6638-f9cc-4e75-69e1d8e729f1,ЛВШ-26 АНО,114000,-27000,,,,2026-04-17,2027-04-12,c1a743f7-7526-ef14-4459-69bd44f96e49,,,2026-04-17 09:50:16,2026-04-17 09:50:16,
9828ae4e-3b60-d332-3b71-69df459da517,ЛВШ-26 АНО,108300,-21300,,,,2026-04-15,2027-04-10,ebfd8836-3049-5264-fadc-690affac6fc9,,,2026-04-15 10:59:03,2026-04-15 10:59:03,
988d2858-0c21-541f-b830-69d37ca598ac,ЛВШ-26 ФОТОН 1 (мат.кап),83300,3700,,,,2026-04-06,2027-04-01,601e9111-f7fa-545f-5463-6995a937ab4b,,,2026-04-06 12:25:45,2026-04-06 12:25:45,
9973ef34-6297-e75d-a802-69e0c0935826,ЛВШ-26 АНО,114000,-27000,,,,2026-04-16,2027-04-11,97cf01fd-3b12-6115-18c3-69d36c1d10c1,,,2026-04-16 13:58:09,2026-04-16 13:58:09,
99b764ab-cce8-021b-2006-6a0da575e973,ЛВШ-26 ФОТОН 1,83790,3210,,,,2026-05-20,2027-05-15,62af4b02-d7b8-5d5b-b5d1-69f32d44ad74,,,2026-05-20 15:13:58,2026-05-20 15:13:58,
99d25499-bdef-d98c-7dc3-69d64075656f,ЛВШ-26 АНО,114000,-27000,,,,2026-04-08,2027-04-03,c00c3179-253c-7a83-b097-69ba4ddc6dec,,,2026-04-08 14:47:59,2026-04-08 14:47:59,
9a0662a3-538f-5862-4620-697cb14da61b,ЛВШ АНО,91105,-4105,,,,2026-01-30,2027-01-25,8f6eadc8-8a98-d8d3-decc-5cf7aee338a9,,,2026-01-30 16:25:50,2026-01-30 16:25:50,
9a201c4b-d739-cf79-5926-69c39fb8258c,ЛВШ Фотон 2,75000,12000,,,,2026-03-25,2027-03-20,20bb69fd-6216-72db-c6c3-65bcf98eadd5,,,2026-03-25 11:42:25,2026-03-25 11:42:25,
9a4006f8-13f3-660e-9178-69a805e60e05,ЛВШ-26 ФОТОН 1,83300,3700,,,,2026-03-04,2027-02-27,d5f41e6a-b9fc-a982-8960-699d810ffe8f,,,2026-03-04 13:12:33,2026-03-04 13:12:33,
9a70596c-369c-e24e-3fad-6981ebd1ba98,ЛВШ АНО,91105,-4105,,,,2026-02-03,2027-01-29,c36f903c-218a-6393-2510-6788b7b6e22e,,,2026-02-03 15:33:31,2026-02-03 15:33:31,
9aa959b1-d5dd-bda0-51ee-69a8184f941c,ЛВШ-26 АНО,99600,-12600,,,,2026-03-04,2027-02-27,a58ef7d3-257f-cdfa-3b28-67f8de5a94ea,,,2026-03-04 14:31:56,2026-03-04 14:31:56,
9b67446b-29a8-bd32-3437-697a6cc6c72a,ЛВШ АНО,91105,-4105,,,,2026-01-28,2027-01-23,9a7df2e4-4d55-64c8-034a-679778080b00,,,2026-01-28 23:06:06,2026-01-28 23:06:06,
9c540941-ca94-42ab-929e-6a2133275e49,ЛВШ-26 АНО,102600,-15600,,,,2026-06-04,2027-05-30,598cf6fe-746e-4e05-2386-6a02e0e9a2f8,,,2026-06-04 11:10:54,2026-06-04 11:10:54,
9c752f2a-1d1c-5694-95c8-69f2ffba5692,ЛВШ-26 АНО,114000,-27000,,,,2026-04-30,2027-04-25,77975679-5c19-7ab5-8d58-69edd9507941,,,2026-04-30 10:05:09,2026-04-30 10:05:09,
9c9cf8c0-43e3-b2ab-858e-6967529aab96,ЛВШ фотон,78400,8600,,,,2026-01-14,2027-01-09,9459a6a1-059d-3212-dfe8-68e4f8f2dbd0,,,2026-01-14 11:22:18,2026-01-14 11:22:18,
9c9d82f0-e007-29dc-ea22-6a214cba198c,ЛВШ-26 АНО,102600,-15600,,,,2026-06-04,2027-05-30,c034e06a-0796-c859-4d6a-6a0dd7823b7d,,,2026-06-04 12:58:14,2026-06-04 12:58:14,
9cd95aaa-81dd-eca8-e1a9-69dce38ada95,ЛВШ АНО,95900,-8900,,,,2026-04-13,2027-04-08,4b486f28-c5ad-f33a-7f66-69786708d1ac,,,2026-04-13 15:36:16,2026-04-13 15:36:16,
9e0183e9-4d15-8041-c9f8-69a7f6316502,ЛВШ ФОТОН,79135,7865,,,,2026-03-04,2027-02-27,c867fdee-d972-ee8a-516c-686f7e82e618,,,2026-03-04 12:06:24,2026-03-04 12:06:24,
9e0ca3c5-e59d-d155-2a02-69e9cce1a99f,ЛВШ-26 АНО,114000,-27000,,,,2026-04-23,2027-04-18,29460dc1-e068-8b35-4171-69e1fcce1efb,,,2026-04-23 10:40:27,2026-04-23 10:40:27,
9e887d78-12f6-3e0c-cf87-69d3871fcebb,ЛВШ-26 ФОТОН 1,79380,7620,,,,2026-04-06,2027-04-01,8578f7a2-06e1-9a04-a307-69c674b700f6,,,2026-04-06 13:12:23,2026-04-06 13:12:23,
9f4d66ad-88f7-ac63-529b-69e879be8299,ЛВШ-26 ФОТОН 2,93100,-6100,,,,2026-04-22,2027-04-17,bcfcee88-1a56-cab5-3f83-69d39e26c983,,,2026-04-22 10:34:06,2026-04-22 10:34:06,
9f5213fe-5605-9eb3-4403-69e0c2800c7a,ЛВШ-26 АНО,108300,-21300,,,,2026-04-16,2027-04-11,3fc57b8f-07c4-c9a5-e1fb-69dcff2c17f2,,,2026-04-16 14:06:40,2026-04-16 14:06:40,
9f772f3c-9ba4-a86e-8166-69ff1e71e092,ЛВШ-26 ФОТОН 1,93100,-6100,,,,2026-05-09,2027-05-04,36693490-143c-c528-ba59-69d4a98e5396,,,2026-05-09 14:44:21,2026-05-09 14:44:21,
a0da6772-67bc-b18c-83e4-69c3a2443357,ЛВШ АНО,99600,-12600,,,,2026-03-25,2027-03-20,550e417d-a170-be27-bf3b-69a561c5d0dd,,,2026-03-25 11:54:42,2026-03-25 11:54:42,
a1c7240f-5104-ecb0-bf12-69d37ead4249,ЛВШ-26 ФОТОН 2 (мат.кап),78400,8600,,,,2026-04-06,2027-04-01,46f50593-a5fd-b063-dc51-67d94c40d428,,,2026-04-06 12:36:23,2026-04-06 12:36:23,
a1d6cb03-ec58-7cc9-32f6-69cbbbabb5a9,ЛВШ-26 АНО,106200,-19200,,,,2026-03-31,2027-03-26,2fc8fc6b-8b87-9fbc-9dfd-68bd4b3d2078,,,2026-03-31 15:17:39,2026-03-31 15:17:39,
a22cffdd-a261-a245-2118-69b170c85d2b,ЛВШ АНО,89900,-2900,,,,2026-03-11,2027-03-06,93d607fc-f7b6-bfd8-60ca-68a31d2bdf6d,,,2026-03-11 16:39:58,2026-03-11 16:39:58,
a22e07ca-e5d7-0034-9915-6a2175ea7b5a,ЛВШ-26 ФОТОН 1,86583,417,,,,2026-06-04,2027-05-30,6d36a251-00a3-d499-2820-64b7ef9a5d2a,,,2026-06-04 15:54:19,2026-06-04 15:54:19,
a25aac7c-63ec-1498-ac43-6a0c5e0b3a07,ЛВШ-26 АНО,114000,-27000,,,,2026-05-19,2027-05-14,d8e27a34-4405-ae29-a734-69fb17c00774,,,2026-05-19 15:58:07,2026-05-19 15:58:07,
a28a5c0d-1570-a1d5-eb15-69776272805a,ЛВШ ФОТОН 2,75000,12000,,,,2025-11-03,2026-10-29,8c323b09-26e8-5b7b-89be-67ee4cc2360f,,,2026-01-26 15:49:11,2026-01-26 15:49:11,
a32c69f1-4e81-8c3b-955a-696759484b47,ЛВШ АНО,89900,-2900,,,,2026-01-14,2027-01-09,88887ebf-de25-ec8c-28f5-67692a7633ca,,,2026-01-14 11:53:28,2026-01-14 11:53:28,
a3ea364f-bccc-ab20-56ca-6a1419759fd0,ЛВШ-26 ФОТОН 2,93100,-6100,,,,2026-05-25,2027-05-20,4d7e684a-526a-706f-65f0-69e76162f94b,,,2026-05-25 12:43:14,2026-05-25 12:43:14,
a4abb284-fa24-00c4-5011-69675eeff62b,ЛВШ АНО,89900,-2900,,,,2026-01-14,2027-01-09,68fe4dc6-a0f2-79b3-3089-68c53a764b4c,,,2026-01-14 12:15:35,2026-01-14 12:15:35,
a4d1185e-b8aa-0550-6da1-69a81892f5a3,ЛВШ-26 АНО,94620,-7620,,,,2026-03-04,2027-02-27,d4d84dd4-9e40-e8c5-e215-699fec38175a,,,2026-03-04 14:31:13,2026-03-04 14:31:13,
a70a3afb-cae9-a2a7-cae4-69d774118d55,ЛВШ-26 АНО,99600,-12600,,,,2026-04-09,2027-04-04,a5f502ea-0baf-8bf0-7000-69a6f902ba17,,,2026-04-09 12:42:53,2026-04-09 12:42:53,
a7990fdd-7ba4-569d-51ec-697c9a2bf4fc,ЛВШ ФОТОН 2,78400,8600,,,,2026-01-30,2027-01-25,766c5a80-fc92-31f2-b4b3-696f2b7d250d,,,2026-01-30 14:49:39,2026-01-30 14:49:39,
a7e1056a-46ab-b4d1-19d5-69675adc6991,ЛВШ АНО,89900,-2900,,,,2026-01-14,2027-01-09,e6cfe16f-6f69-8c4c-6350-66a224335eb6,,,2026-01-14 11:58:14,2026-01-14 11:58:14,
a843cb23-f809-1a1c-4e07-69839d75f872,ЛВШ ФОТОН 1,83300,3700,,,,2026-02-04,2027-01-30,ee33eb89-4a23-3e3f-d1a9-64f31b541d1a,,,2026-02-04 22:26:40,2026-02-04 22:26:40,
aa25b869-7f67-07d0-5c48-6a0c5c45b301,ЛВШ АНО 3,102600,-15600,,,,2026-05-19,2027-05-14,2460015c-e933-bc4f-49f5-69d7c2e302c0,,,2026-05-19 15:48:16,2026-05-19 15:48:16,
aaba11e4-3111-370d-7108-697cb04a05d2,ЛВШ АНО,91105,-4105,,,,2026-01-30,2027-01-25,92a55fe2-7fe9-da00-7891-66c4b1ba0cb6,,,2026-01-30 16:20:03,2026-01-30 16:20:03,
abd73b01-ab4a-31e1-d52f-69c6334d2196,ЛВШ-26 ФОТОН 1,83300,3700,,,,2026-03-27,2027-03-22,9e9810e5-fb11-9ce2-6e3a-69be6ed5ee85,,,2026-03-27 10:34:35,2026-03-27 10:34:35,
ac423aeb-c3b2-99d8-dd5d-6a0c593db926,ЛВШ-26 АНО,114000,-27000,,,,2026-05-19,2027-05-14,5e204e22-52b3-c0f3-49f9-69f5ffd97c01,,,2026-05-19 15:37:19,2026-05-19 15:37:19,
ac9f44da-65a1-786f-590a-69c633dfe46b,ЛВШ-26 ФОТОН 2,70560,16440,,,,2026-03-27,2027-03-22,dec0e021-3bfe-db3c-daad-67c05b90286b,,,2026-03-27 10:37:54,2026-03-27 10:37:54,
ad5300a7-c52b-2da6-5038-69675480858a,ЛВШ фотон,75000,12000,,,,2026-01-14,2027-01-09,5bb28017-3031-aac5-c8e4-688a0f8d22bb,,,2026-01-14 11:32:21,2026-01-14 11:32:21,
ad974e15-780e-5623-6c32-6a16c9643323,ЛВШ-26 АНО,102600,-15600,,,,2026-05-27,2027-05-22,58b38173-0602-0acf-e8d2-69e60e35d85f,,,2026-05-27 13:37:10,2026-05-27 13:37:10,
aee4a75e-7997-a69f-98aa-6a0c60583323,ЛВШ ФОТОН,88200,-1200,,,,2026-05-19,2027-05-14,506329b8-8a24-de60-72b6-666d93519ddc,,,2026-05-19 16:05:42,2026-05-19 16:05:42,
aee7ee8e-2000-dcb5-0025-69dcc693d6ed,ЛВШ Фотон,83300,3700,,,,2026-04-13,2027-04-08,694b6738-7507-8391-9480-69a0151fcde8,,,2026-04-13 13:34:43,2026-04-13 13:34:43,
b1d98227-253b-afe2-438d-69675456ca25,ЛВШ фотон,75000,12000,,,,2026-01-14,2027-01-09,1509d260-d313-b60a-31eb-65c377587729,,,2026-01-14 11:33:41,2026-01-14 11:33:41,
b1fd1d1c-03f6-4ecd-9b90-69df43480eb3,ЛВШ-26 АНО,114000,-27000,,,,2026-04-15,2027-04-10,b120e4a1-0f36-a600-4af4-69bfba735394,,,2026-04-15 10:52:46,2026-04-15 10:52:46,
b2580280-782e-4a24-e355-69848ef48179,ЛВШ ФОТОН 2,75000,12000,,,,2026-02-05,2027-01-31,c593fe8b-e178-f65e-bbfe-6318498365e2,,,2026-02-05 15:33:09,2026-02-05 15:33:09,
b2fd3b49-b495-5a9f-0e11-6a01c448bb8a,ЛВШ-26 АНО,114000,-27000,,,,2026-05-11,2027-05-06,c6a17114-7df6-72b2-f389-69e5fa7dae72,,,2026-05-11 14:56:53,2026-05-11 14:56:53,
b3999b23-5db3-45ba-a24d-69708d9b472a,ЛВШ АНО,86310,690,,,,2026-01-21,2027-01-16,5cba0129-f2df-1172-d1df-67a9eb1e13c2,,,2026-01-21 11:26:12,2026-01-21 11:26:12,
b3c0d9a8-dcba-5be4-c410-69a813ea08ee,ЛВШ ФОТОН 1,75000,12000,,,,2026-03-04,2027-02-27,7b5662dc-d08d-81ec-2251-699d7274c3dc,,,2026-03-04 14:11:34,2026-03-04 14:11:34,
b408e354-834e-1698-0962-69cf697de8d2,ЛВШ-26 ФОТОН 2,75000,12000,,,,2026-04-03,2027-03-29,d6722318-0cdf-4a9c-9b59-6290c3189984,,,2026-04-03 10:18:17,2026-04-03 10:18:17,
b431fe78-4bea-c009-9943-69a5ad6049e9,ЛВШ-26 АНО,99600,-12600,,,,2026-03-02,2027-02-25,e7e8b349-01a7-29fe-cda9-698d73a587ed,,,2026-03-02 18:32:33,2026-03-02 18:32:33,
b4c61fb6-d31b-b7d5-71c4-69e1d9f6c7fb,ЛВШ-26 АНО,114000,-27000,,,,2026-04-17,2027-04-12,755ffa98-ca7b-f9ce-4464-69dd059f95fd,,,2026-04-17 09:54:42,2026-04-17 09:54:42,
b5326d12-44c0-fc6e-d42f-6a215643ad37,ЛВШ-26 АНО,114000,-27000,,,,2026-06-04,2027-05-30,9cf08733-feaa-de41-15cd-69f058e08ecf,,,2026-06-04 13:42:16,2026-06-04 13:42:16,
b600d038-1c64-1b48-bd2e-6a0c5ddf5488,ЛВШ АНО 3,108300,-21300,,,,2026-05-19,2027-05-14,ee240bff-1d23-aa67-281b-69db90abf9a8,,,2026-05-19 15:54:12,2026-05-19 15:54:12,
b724278c-cadf-1dc7-6d19-69bbac972b77,ЛВШ-26 АНО,114000,-27000,,,,2026-03-19,2027-03-14,87a6dbb7-ad52-dedf-bcbe-66dac97b7543,,,2026-03-19 10:58:48,2026-03-19 10:58:48,
b7640e4d-1d4f-5307-caea-6a182bb686ae,ЛВШ-26 АНО,114000,-27000,,,,2026-05-28,2027-05-23,c3f1b3ae-9a75-7f5e-5e61-6a0f081da72a,,,2026-05-28 14:47:57,2026-05-28 14:47:57,
b77641b8-d82e-5e3d-5922-69c26311ec72,ЛВШ-26 АНО,114000,-27000,,,,2026-03-24,2027-03-19,b45273e7-f2ca-a89f-efc6-69ba402d2821,,,2026-03-24 13:12:24,2026-03-24 13:12:24,
b8593385-ad24-88d0-5be9-69675e9a3704,ЛВШ АНО,89900,-2900,,,,2026-01-14,2027-01-09,30475196-08d9-1778-dbd7-689d85188980,,,2026-01-14 12:13:03,2026-01-14 12:13:03,
b87b3fa5-8c99-6e85-614b-6a181d6ab89c,ЛВШ-26 АНО,102600,-15600,,,,2026-05-28,2027-05-23,c3869287-cc45-f976-f36c-6a115355d6e2,,,2026-05-28 13:47:31,2026-05-28 13:47:31,
b8e75424-1b9f-1e82-e9c0-69b1701a8bba,ЛВШ АНО,85405,1595,,,,2026-03-11,2027-03-06,7ac206d6-c3d2-bbce-732e-66fe62a62a4a,,,2026-03-11 16:38:58,2026-03-11 16:38:58,
ba568933-29fd-83a3-98aa-69c63a9d01eb,ЛВШ-26 ФОТОН 2,88200,-1200,,,,2026-03-27,2027-03-22,aba87039-0adc-08f3-4c15-69bbd59fe521,,,2026-03-27 11:06:54,2026-03-27 11:06:54,
ba634474-7808-0922-6cc3-6981ebc4b529,ЛВШ АНО,91105,-4105,,,,2026-02-03,2027-01-29,5bc20294-a8c7-1df4-0bca-67a1dfd07022,,,2026-02-03 15:34:17,2026-02-03 15:34:17,
ba95996d-804a-4bb6-2162-69d3aedb73f3,ЛВШ-26 АНО,114000,-27000,,,,2026-04-06,2027-04-01,3ab12ecf-5a29-8662-00a4-69bd1fb68904,,,2026-04-06 16:02:38,2026-04-06 16:02:38,
bba0e31a-b6f7-a1fa-f57d-6a181cae2099,ЛВШ-26 АНО,114000,-27000,,,,2026-05-28,2027-05-23,e5d323d0-f18d-505d-e99f-69f0b7eeeff8,,,2026-05-28 13:45:32,2026-05-28 13:45:32,
bbbfce7b-d43a-1645-2ecb-69e0c0ef45da,ЛВШ-26 АНО,96900,-9900,,,,2026-04-16,2027-04-11,5064e3d2-f58b-d2da-b591-6501a86dae03,,,2026-04-16 13:55:27,2026-04-16 13:55:27,
bc99810d-e05a-527a-6c7e-6a0d763e3522,ЛВШ-26 АНО,114000,-27000,,,,2026-05-20,2027-05-15,d9a50866-043d-14cb-a015-630f4edeba32,,,2026-05-20 11:53:08,2026-05-20 11:53:08,
beefa6ab-de8a-b82a-fd68-69bbb0009978,ЛВШ-26 АНО,95900,-8900,,,,2026-03-19,2027-03-14,cdfc15be-ef3e-fa8e-cfb5-6978670f0598,,,2026-03-19 11:14:18,2026-03-19 11:14:18,
befea1e7-e8e0-d15a-4c94-6a0d755c8189,ЛВШ-26 АНО,114000,-27000,,,,2026-05-20,2027-05-15,d2950027-ba47-a113-70c0-6a01d11da0d1,,,2026-05-20 11:49:31,2026-05-20 11:49:31,
bfb2e9d8-a9bd-36ec-6683-69a81bcdd225,ЛВШ-26 АНО,86310,690,,,,2026-03-04,2027-02-27,14d94b9a-57c1-35a6-5785-660fc4e886b9,,,2026-03-04 14:46:45,2026-03-04 14:46:45,
bffe6730-d5f7-a1a3-b5e9-6a0c5b407f89,лвш АНО 3,99600,-12600,,,,2026-05-19,2027-05-14,5f19bfc5-9cc7-407a-06b4-69a7f8351ba5,,,2026-05-19 15:47:33,2026-05-19 15:47:33,
c0ed7711-53de-0f3e-b54e-69d39f4f16d8,ЛВШ-26 ФОТОН 2,88200,-1200,,,,2026-04-06,2027-04-01,d3363194-7fed-ec7d-b3cc-6668128a12c1,,,2026-04-06 14:54:58,2026-04-06 14:54:58,
c0f62a74-5fbb-6073-c8c1-697dccaba8d4,ЛВШ АНО,86310,690,,,,2026-01-31,2027-01-26,b55126d7-6e54-3774-023d-6479ca356c0a,,,2026-01-31 12:33:01,2026-01-31 12:33:01,
c18994d1-fa3d-3ee4-e29e-69f06ecad827,ЛВШ-26 АНО,114000,-27000,,,,2026-04-28,2027-04-23,a8b0218f-9621-e643-1491-69e4c9e608e3,,,2026-04-28 11:22:53,2026-04-28 11:22:53,
c2212f2b-3d8e-2da1-9546-698d98d83912,ЛВШ ФОТОН 2,83300,3700,,,,2026-02-12,2027-02-07,1ca04d31-8ea5-ac9b-b52c-6989eff9d19f,,,2026-02-12 12:06:20,2026-02-12 12:06:20,
c23d6182-8adc-cd52-3e0a-69a816759e58,ЛВШ-26 АНО,99600,-12600,,,,2026-03-04,2027-02-27,7f9f0e58-8006-b114-5dbb-69a2ec0d4537,,,2026-03-04 14:22:43,2026-03-04 14:22:43,
c33adc29-9e5c-ee0e-b778-69675a862c00,ЛВШ АНО,89900,-2900,,,,2026-01-14,2027-01-09,e371adac-38d5-5bbb-1cf4-668e4fafe0fd,,,2026-01-14 11:57:28,2026-01-14 11:57:28,
c38e431b-6faf-2303-6040-698c53bba01a,ЛВШ АНО,95900,-8900,,,,2026-02-11,2027-02-06,f0440b01-f753-6828-46f1-697202fc5983,,,2026-02-11 13:03:18,2026-02-11 13:03:18,
c392f08d-a1c8-ef6a-8d33-69ff1fc731d1,ЛВШ-26 ФОТОН 1,93100,-6100,,,,2026-05-09,2027-05-04,4c49a04f-dd7d-6c72-32e4-69df804fce68,,,2026-05-09 14:48:28,2026-05-09 14:48:28,
c3c02e07-bb30-63db-543d-69a820b621c7,ЛВШ Фотон,78400,8600,,,,2026-03-04,2027-02-27,dde4d337-1d40-aa9d-7497-6964d0f2c8ed,,,2026-03-04 15:09:35,2026-03-04 15:09:35,
c3db389b-db94-40a2-951e-69a977389dbf,ЛВШ-26 ФОТОН 2,83300,3700,,,,2026-03-05,2027-02-28,6260d2e8-db5f-b8c7-50dc-699fed9ff2e8,,,2026-03-05 15:32:35,2026-03-05 15:32:35,
c401098a-e212-e2c0-5baa-6a21767342f1,ЛВШ-26 ФОТОН 2,93100,-6100,,,,2026-06-04,2027-05-30,bd7d07fb-b5d7-be29-3338-6a0ec3b3b8a8,,,2026-06-04 16:00:31,2026-06-04 16:00:31,
c44c1714-d38b-8329-9b2c-69675a5b81b9,ЛВШ АНО,89900,-2900,,,,2026-01-14,2027-01-09,e7312a27-d8df-e028-8cb4-66bdd0cdd48e,,,2026-01-14 11:59:36,2026-01-14 11:59:45,
c49572d9-5a2f-da53-4882-69d3a58f0686,ЛВШ-26 ФОТОН 1,88200,-1200,,,,2026-04-06,2027-04-01,433a9927-019e-91a0-7942-69cb93c7ede2,,,2026-04-06 15:22:01,2026-04-06 15:22:01,
c4c03b4d-9dab-f119-707d-69dcc3fad2c1,ЛВШ АНО,94620,-7620,,,,2026-04-13,2027-04-08,debd229f-c3e3-5546-6b2a-682c87ee43fb,,,2026-04-13 13:19:39,2026-04-13 13:19:39,
c57f201e-64ca-4d88-a262-69b17028c417,ЛВШ АНО,95900,-8900,,,,2026-03-11,2027-03-06,eb932077-aa95-529e-618a-69401cd83ad7,,,2026-03-11 16:40:53,2026-03-11 16:40:53,
c5ea8210-589d-d81b-79f7-69e11b6fbe69,ЛВШ-26 ФОТОН 1,75000,12000,,,,2026-04-16,2027-04-11,d186ad34-6b35-bf1e-2dec-67c01e8f4ac7,,,2026-04-16 20:25:28,2026-04-16 20:25:28,
c65e0e23-d045-7985-ff32-69b69d634ed3,ЛВШ-26 ФОТОН 2,83300,3700,,,,2026-03-15,2027-03-10,7f4246e9-d404-7c17-c5f0-69a96a809c95,,,2026-03-15 14:51:49,2026-03-15 14:51:49,
c67502a8-5824-27a2-22d3-6981f1e675dc,ЛВШ АНО,91105,-4105,,,,2026-02-03,2027-01-29,a2c876d3-d635-9ba9-2775-6615007d5e8b,,,2026-02-03 15:59:03,2026-02-03 15:59:03,
c74b7527-8402-9d0d-10d8-6a01c5e23718,ЛВШ-26 АНО,102600,-15600,,,,2026-05-11,2027-05-06,40d47e06-7a78-446d-8afb-6877a0cbd150,,,2026-05-11 15:05:12,2026-05-11 15:05:12,
c7a2067f-992b-b478-e0d5-696752476713,ЛВШ фотон,75000,12000,,,,2026-01-14,2027-01-09,3bab2469-776b-8085-1914-68668ae64658,,,2026-01-14 11:23:08,2026-01-14 11:23:08,
c7ac5527-05f1-1493-7c0d-69c63339dc23,ЛВШ-26 ФОТОН 1,75000,12000,,,,2026-03-27,2027-03-22,63b7cc57-6eea-ce56-1347-67c05ccbc62f,,,2026-03-27 10:35:34,2026-03-27 10:35:34,
c8173cf5-b172-c6a1-22a9-6a0ef5578a7b,ЛВШ-26 АНО,114000,-27000,,,,2026-05-21,2027-05-16,7b4e739f-6b45-0eda-8bef-69f9f0c48f77,,,2026-05-21 15:05:50,2026-05-21 15:05:50,
c927e713-f014-e999-af2f-6a1d3cf524cd,ЛВШ-26 АНО,102600,-15600,,,,2026-06-01,2027-05-27,4ba5c9f7-05b5-7216-74dd-69fb392a6b0a,,,2026-06-01 11:03:51,2026-06-01 11:03:51,
c92f30e2-9c8b-4cd0-ee9e-6a0d82722474,ЛВШ-26 АНО,102600,-15600,,,,2026-05-20,2027-05-15,cf03b0f9-d028-291e-faee-69d3822f65e6,,,2026-05-20 12:45:08,2026-05-20 12:45:08,
ca2372c7-4aa1-3ee3-a4df-69709031ceb2,ЛВШ АНО,95900,-8900,,,,2026-01-21,2027-01-16,38b6c79e-e498-2b7d-c44d-65e87c6e6ee5,,,2026-01-21 11:38:12,2026-01-21 11:38:12,
ca2c9fd3-663c-91be-1f97-69a7eafa5ade,ЛВШ-26 АНО,89600,-2600,,,,2026-03-04,2027-02-27,6807c1a1-016e-e912-9b4e-623afb522ae6,,,2026-03-04 11:16:57,2026-03-04 11:16:57,
ca33cc1f-e4ae-1bcc-9d9b-699ecfa096bc,ЛВШ-26 АНО,99600,-12600,,,,2026-02-25,2027-02-20,bd852cb6-ffa5-141b-68c3-699bf036ebd4,,,2026-02-25 13:31:22,2026-02-25 13:31:22,
ca932e62-e230-beda-0088-69f0e8c88df3,ЛВШ-26 ФОТОН 1,93100,-6100,,,,2026-04-28,2027-04-23,82523c60-b505-ecc9-3acb-69e89f8a5d67,,,2026-04-28 20:05:23,2026-04-28 20:05:23,
cac10c1e-73fe-901c-13b7-69675407d4fa,ЛВШ фотон,75000,12000,,,,2026-01-14,2027-01-09,cbfda7db-a8b0-0c93-337b-6673fa4800df,,,2026-01-14 11:33:02,2026-01-14 11:33:02,
cb532e70-4a37-e9ed-ea77-69675bdcc206,ЛВШ АНО,89900,-2900,,,,2026-01-14,2027-01-09,c17c7545-2e44-6d2b-7938-6745a291091a,,,2026-01-14 12:00:50,2026-01-14 12:00:50,
cb665738-404b-e4fd-4229-69a8010ab15a,ЛВШ ФОТОН 1,79135,7865,,,,2026-03-04,2027-02-27,720f7870-5ce8-7d4e-fe6c-67e51169ebe5,,,2026-03-04 12:54:50,2026-03-04 12:54:50,
cbe5892c-c26c-6ed3-d7e1-69d37e9c0366,ЛВШ-26 ФОТОН 1,79380,7620,,,,2026-04-06,2027-04-01,9dd43996-54ea-31fc-613c-63bc0718bcb9,,,2026-04-06 12:35:13,2026-04-06 12:35:13,
cc1fd2f0-7ef5-d582-a5b6-69d3a6f1ffdf,ЛВШ-26 ФОТОН 2,61740,25260,,,,2026-04-06,2027-04-01,34a03602-b9bb-084e-649c-69b292b65721,,,2026-04-06 15:27:22,2026-04-06 15:27:22,
cd182733-71a3-8ced-9412-69d764fc9653,ЛВШ-26 АНО,114000,-27000,,,,2026-04-09,2027-04-04,a45e0fa7-b6e2-64be-9e79-69ca30f326e3,,,2026-04-09 11:35:05,2026-04-09 11:35:05,
cdba77d3-331f-7a64-c301-6a141bb137d9,ЛВШ-26 АНО,114000,-27000,,,,2026-05-25,2027-05-20,9501d661-c1c9-9b8b-6301-6a0c40b82641,,,2026-05-25 12:50:49,2026-05-25 12:50:49,
ce2f5f3d-5764-0df8-da4e-69d3a71d3ab5,ЛВШ-26 ФОТОН 1,88200,-1200,,,,2026-04-06,2027-04-01,5a4230dc-ddbc-2aa5-7445-69ca5ef25885,,,2026-04-06 15:29:18,2026-04-06 15:29:18,
ce319604-80d0-7006-2015-69e1249adb90,ЛВШ-26 ФОТОН 1,93100,-6100,,,,2026-04-16,2027-04-11,beb8a064-38a4-09a3-b528-69d8a32d7d91,,,2026-04-16 21:03:20,2026-04-16 21:03:20,
cf369a56-b7a5-2aae-db2b-6981eab3979d,ЛВШ АНО,91105,-4105,,,,2026-02-03,2027-01-29,10e3346c-7961-0a8a-709a-6911b38d9afc,,,2026-02-03 15:32:26,2026-02-03 15:32:26,
d066dda9-a22d-261c-8c6a-69eb600a0951,ЛВШ-26 ФОТОН 1,93100,-6100,,,,2026-04-24,2027-04-19,473a90fb-0b4d-8f76-6943-69e0a52231f0,,,2026-04-24 15:21:04,2026-04-24 15:21:04,
d0f7adc4-53ef-dd7f-0f26-698da0859ee4,ЛВШ ФОТОН 1,83300,3700,,,,2026-02-12,2027-02-07,b7bdc0ea-cbd7-71f3-3de6-6982ebcacba7,,,2026-02-12 12:42:02,2026-02-12 12:42:02,
d16a987a-6c9a-01e1-5eee-69dcc7f3e475,ЛВШ Фотон,83290,3710,,,,2026-04-13,2027-04-08,1f6982cc-59fe-124d-0a22-69a2a46b8ddd,,,2026-04-13 13:37:43,2026-04-13 13:37:43,
d19585fe-3a83-6c30-0998-69dcc7d5b057,ЛВШ Фотон,75000,12000,,,,2026-04-13,2027-04-08,5e9f687f-4491-79a5-cb6c-6735b66538a6,,,2026-04-13 13:39:47,2026-04-13 13:39:47,
d23b04ff-972e-ccc3-2dd9-6a141c44c596,ЛВШ-26 АНО,114000,-27000,,,,2026-05-25,2027-05-20,cc9654db-bfea-1a04-65a3-69f06bb0348f,,,2026-05-25 12:53:39,2026-05-25 12:53:39,
d29a824a-03bc-ee11-9e71-6983970149e0,ЛВШ ФОТОН 2,75000,12000,,,,2026-02-04,2027-01-30,622ebc8f-8718-7073-e27f-6665805dcba5,,,2026-02-04 22:02:49,2026-02-04 22:02:49,
d2b2eed5-92f8-77ca-142f-69ff1ae8f386,ЛВШ-26 ФОТОН 2,93100,-6100,,,,2026-05-09,2027-05-04,9c9b23cc-ebf5-a742-0e01-69d38dc654f4,,,2026-05-09 14:27:32,2026-05-09 14:27:32,
d30a167e-b4b1-90d3-d29a-6a01c67bdf7f,ЛВШ-26 АНО,114000,-27000,,,,2026-05-11,2027-05-06,cb404794-2775-f65c-2b21-69f1cabd9bf0,,,2026-05-11 15:05:48,2026-05-11 15:05:48,
d4629ed5-e88f-fbae-7235-69e1dab8f6eb,ЛВШ-26 АНО,114000,-27000,,,,2026-04-17,2027-04-12,54013527-86d7-92ef-059e-69ddeaab622b,,,2026-04-17 09:58:32,2026-04-17 09:58:32,
d4689355-9c1e-ec68-353c-69a7fdec5c0b,ЛВШ ФОТОН 2,83300,3700,,,,2026-03-04,2027-02-27,d9c936cf-d8bf-c568-dd55-6992f8632e06,,,2026-03-04 12:36:02,2026-03-04 12:36:02,
d56b3717-a958-212f-9c32-6a0c56055816,ЛВШ-26 АНО,114000,-27000,,,,2026-05-19,2027-05-14,120d3931-6a25-f439-b476-69ff06e0b75b,,,2026-05-19 15:22:45,2026-05-19 15:22:45,
d591fa5e-1f89-f53d-1dd7-69675d6fdca2,ЛВШ АНО,83800,3200,,,,2026-01-14,2027-01-09,19adeda3-2458-40c0-ce10-6919ca0edce8,,,2026-01-14 12:10:42,2026-01-14 12:10:42,
d6efcd7a-c68e-61c9-780c-69c62fcf24cb,ЛВШ-26 ФОТОН 2,79135,7865,,,,2026-03-27,2027-03-22,ea7611a0-32fd-250f-3bf5-690b0452d9ed,,,2026-03-27 10:21:01,2026-03-27 10:21:01,
d6f702a2-2553-3705-4795-69da848ba272,ЛВШ-26 ФОТОН 1,87000,0,,,,2026-04-11,2027-04-06,a4e59d48-98ae-763e-14b4-69d62843adbf,,,2026-04-11 20:27:50,2026-04-11 20:27:50,
d7f3c479-c0df-d75f-8a3f-69a8179e1f5b,ЛВШ-26 АНО,99600,-12600,,,,2026-03-04,2027-02-27,51122882-9acd-f1e8-435b-699992d50d76,,,2026-03-04 14:28:26,2026-03-04 14:28:26,
d81d093d-227e-21d1-36ab-69b69a7f980c,ЛВШ-26 ФОТОН 2,70560,16440,,,,2026-03-15,2027-03-10,63b7cc57-6eea-ce56-1347-67c05ccbc62f,,,2026-03-15 14:40:34,2026-03-15 14:40:34,
d9ca9d35-34b6-4ab1-7610-69708fae1935,ЛВШ АНО,95900,-8900,,,,2026-01-21,2027-01-16,3812aa10-b41f-edc4-9c06-68a597e0b172,,,2026-01-21 11:34:48,2026-01-21 11:34:48,
da340a2e-669a-f4f1-7622-6a01c4f103e0,ЛВШ-26 АНО,114000,-27000,,,,2026-05-11,2027-05-06,daa68ac3-c5e2-d613-9543-69f30bee76e2,,,2026-05-11 14:57:40,2026-05-11 14:57:40,
da798d87-543f-1656-03c0-69e124221041,ЛВШ-26 ФОТОН 1,88200,-1200,,,,2026-04-16,2027-04-11,7541259d-193c-78ea-ec43-69afbf42ca66,,,2026-04-16 21:04:18,2026-04-16 21:04:18,
da82611f-dbfe-e841-f489-69df4645b575,ЛВШ-26 АНО,108300,-21300,,,,2026-04-15,2027-04-10,8cd33ff1-8939-324e-a29a-69d64fa0e8e6,,,2026-04-15 11:05:05,2026-04-15 11:05:05,
dae00dda-5427-b95b-5d99-69c26c5a391b,ЛВШ-26 АНО,108300,-21300,,,,2026-03-24,2027-03-19,31d18bcf-587c-5940-45f8-692d8ea73540,,,2026-03-24 13:51:20,2026-03-24 13:51:20,
ddeb4e15-d546-d658-bef2-696758255e13,ЛВШ АНО,85405,1595,,,,2026-01-14,2027-01-09,a793877b-240f-7bca-5c8b-67d7f280d7f5,,,2026-01-14 11:49:58,2026-01-14 11:49:58,
de740bde-a99c-29e2-d49e-69ff2157aa41,ЛВШ-26 ФОТОН 1,93100,-6100,,,,2026-05-09,2027-05-04,5aae09cb-1207-39c6-1354-69ee10d09bf7,,,2026-05-09 14:59:26,2026-05-09 14:59:26,
de8d022e-91df-b077-7d24-69a7fd9d936c,ЛВШ ФОТОН 2,83300,3700,,,,2026-03-04,2027-02-27,e5f155b8-ab4a-b6ab-ad64-6972094841c0,,,2026-03-04 12:36:47,2026-03-04 12:36:47,
df80884f-2842-018c-eea9-6981eb359c40,,,,,,,,,,,,,,HTTP Error 429: Too Many Requests
dfd1aac6-5193-aa00-f2eb-6a0c4cf90846,,,,,,,,,,,,,,HTTP Error 429: Too Many Requests
e0fe52a7-6dbb-e1a1-1b6a-698d97cb2838,,,,,,,,,,,,,,HTTP Error 429: Too Many Requests
e1813e2a-3208-3ea3-a1a1-69d3a4db939a,,,,,,,,,,,,,,HTTP Error 429: Too Many Requests
e26b5fae-31fc-a031-a80d-698362e272b7,,,,,,,,,,,,,,HTTP Error 429: Too Many Requests
e43c8923-a60a-0d94-7ae5-69dcc23b6e69,ЛВШ АНО,85405,1595,,,,2026-04-13,2027-04-08,8845d43c-38b9-7224-a981-683eb074e9f5,,,2026-04-13 13:15:03,2026-04-13 13:15:03,
e44d9956-d90b-dbbb-9186-6a0c5f793cb7,ЛВШ-26 АНО,114000,-27000,,,,2026-05-19,2027-05-14,f8970eeb-4b0a-d657-53f2-69dc9ac969e7,,,2026-05-19 16:03:49,2026-05-19 16:03:49,
e4cf732e-c249-1ca3-f62a-69a81b6b0334,ЛВШ АНО,95900,-8900,,,,2026-03-04,2027-02-27,1cc9114b-3b7e-cb51-bb04-66337d71280e,,,2026-03-04 14:47:48,2026-03-04 14:47:48,
e4e557af-7d68-6563-34ea-6a0de8ec8a66,,,,,,,,,,,,,,HTTP Error 429: Too Many Requests
e4f4c608-7c87-bc81-8853-699ecc2eab36,,,,,,,,,,,,,,HTTP Error 429: Too Many Requests
e5fa99dd-27de-a8fe-da7a-69b695726f4b,ЛВШ-26 ФОТОН 2,88200,-1200,,,,2026-03-15,2027-03-10,a3ede0ce-e0b2-6b82-068a-69afccb641a4,,,2026-03-15 14:19:45,2026-03-15 14:19:45,
e6cffccd-475c-3b40-be56-6979b5c7592a,ЛВШ ФОТОН 1,78400,8600,,,,2026-01-28,2027-01-23,75a5d989-b840-3a7e-683f-68c156220749,,,2026-01-28 10:05:45,2026-01-28 10:05:45,
e713bda7-73e1-5a31-a62b-69f07531dfbf,,,,,,,,,,,,,,HTTP Error 429: Too Many Requests
e733e97a-1536-c396-a415-6a14335a2780,,,,,,,,,,,,,,HTTP Error 429: Too Many Requests
e793890a-3796-fecf-9a08-69f069e57d32,,,,,,,,,,,,,,HTTP Error 429: Too Many Requests
e7ba5492-a33a-8418-8e39-6a0c5e5e7c35,,,,,,,,,,,,,,HTTP Error 429: Too Many Requests
e8109a6e-927d-f585-7fd7-69a81c3bb3a2,,,,,,,,,,,,,,HTTP Error 429: Too Many Requests
e91a1f39-3416-9699-9367-697a6b995885,,,,,,,,,,,,,,HTTP Error 429: Too Many Requests
e929f587-6741-120f-4e84-69c3a1cac9a7,,,,,,,,,,,,,,HTTP Error 429: Too Many Requests
e9f4f314-f268-1bf2-87a3-69675eafcd24,,,,,,,,,,,,,,HTTP Error 429: Too Many Requests
ea81fa9b-c3c3-f874-0314-699ff28e291d,,,,,,,,,,,,,,HTTP Error 429: Too Many Requests
eafefa67-085b-4d05-c6e9-6a0c5a9292cc,,,,,,,,,,,,,,HTTP Error 429: Too Many Requests
eba3de9f-9356-065f-22f8-69675c503591,,,,,,,,,,,,,,HTTP Error 429: Too Many Requests
ec09cd54-8a95-866a-a98a-6a0d959f4476,,,,,,,,,,,,,,HTTP Error 429: Too Many Requests
ed147799-7a0f-74b3-abc8-69ff288dc8a8,,,,,,,,,,,,,,HTTP Error 429: Too Many Requests
ed7510d8-e85d-0955-8c1f-6996cb8c77f0,,,,,,,,,,,,,,HTTP Error 429: Too Many Requests
ed90b96f-de5d-3a65-4f8f-699d8ab0ec26,,,,,,,,,,,,,,HTTP Error 429: Too Many Requests
ee09c03a-0dc0-a77e-ece4-69df46eaf29d,,,,,,,,,,,,,,HTTP Error 429: Too Many Requests
ef378a3d-0737-d943-0780-69e125880c4b,,,,,,,,,,,,,,HTTP Error 429: Too Many Requests
f104b151-4019-b7b7-8d86-6a0d83de084a,,,,,,,,,,,,,,HTTP Error 429: Too Many Requests
f199a91e-804c-dd7f-37ef-69a7fa97ebce,,,,,,,,,,,,,,HTTP Error 429: Too Many Requests
f19e07b0-1a91-c61a-c320-6a0d82ab4f7c,,,,,,,,,,,,,,HTTP Error 429: Too Many Requests
f1da84b5-353f-4d9a-98cd-69b802c661ff,,,,,,,,,,,,,,HTTP Error 429: Too Many Requests
f2758f6b-225e-bfa8-ef35-6a01c758eb4a,,,,,,,,,,,,,,HTTP Error 429: Too Many Requests
f367c7f8-b5a2-0e1b-751a-6996c6b00e21,,,,,,,,,,,,,,HTTP Error 429: Too Many Requests
f37a06e7-7ec2-c0bc-a88b-69675bbfdbeb,,,,,,,,,,,,,,HTTP Error 429: Too Many Requests
f5a5066c-eab7-f11f-f0af-69d37b97eab3,,,,,,,,,,,,,,HTTP Error 429: Too Many Requests
